7,Sampey, Nerta,nsampey6@constantcontact.com,51.234.198.151
13,Parlatt, Rae,rparlattc@ebay.com,91.73.124.7
15,Harnes, Zoe,zharnese@etsy.com,127.165.251.143
17,Armatidge, Carlynne,carmatidgeg@huffingtonpost.com,32.62.193.196
19,Woodings, Pattie,pwoodingsi@disqus.com,35.38.139.125
25,Bernardinelli, Nickie,nbernardinellio@imgur.com,230.254.136.224
27,Treadger, Freddi,ftreadgerq@posterous.com,99.210.164.60
31,Chesworth, Mab,mchesworthu@yolasite.com,51.11.71.16
33,Bothe, Ada,abothew@chron.com,46.118.51.90
39,Bray, Elisha,ebray12@hao123.com,172.219.194.10
41,Olivia, Aurora,aolivia14@lulu.com,181.176.250.43
49,Hassewell, Ginelle,ghassewell1c@cnn.com,220.133.79.235
51,Boick, Ginnie,gboick1e@cloudflare.com,33.5.76.53
55,Caneo, Walliw,wcaneo1i@barnesandnoble.com,218.222.248.24
57,Leer, Margit,mleer1k@technorati.com,68.133.108.250
59,Causey, Agnella,acausey1m@marriott.com,24.97.71.170
65,Kingzeth, Molly,mkingzeth1s@g.co,234.176.212.8
67,Orht, Lurleen,lorht1u@dedecms.com,235.141.172.140
69,Durban, Fleur,fdurban1w@sogou.com,146.133.143.212
73,Painter, Anet,apainter20@omniture.com,198.97.149.111
75,Calkin, Joyann,jcalkin22@webs.com,36.53.196.163
77,Ramshay, Minne,mramshay24@cbc.ca,20.49.163.9
79,McCleod, Clary,cmccleod26@mail.ru,152.104.229.115
81,McKerron, Eveline,emckerron28@liveinternet.ru,166.40.121.214
85,Muspratt, Matti,mmuspratt2c@abc.net.au,144.228.98.102
91,Tracey, Linell,ltracey2i@epa.gov,10.230.45.55
93,Whitney, Pavia,pwhitney2k@artisteer.com,246.80.239.18
