1,Krysta,Winney,kwinney0@time.com,Female,147.160.226.221
2,Nikolaus,Romain,nromain1@sciencedirect.com,Male,75.91.226.25
3,Justen,Easlea,jeaslea2@mtv.com,Male,14.75.219.125
4,Kelbee,Dumbleton,kdumbleton3@cdbaby.com,Male,6.58.114.145
5,Thorvald,Duffil,tduffil4@pinterest.com,Male,213.103.217.87
6,Mariann,Patching,mpatching5@ucla.edu,Non-binary,23.6.157.1
7,Nerta,Sampey,nsampey6@constantcontact.com,Female,51.234.198.151
8,Vince,Delap,vdelap7@linkedin.com,Male,52.81.80.156
9,Addison,O'Cridigan,aocridigan8@umn.edu,Male,187.180.151.159
10,Janice,Cobbled,jcobbled9@zimbio.com,Female,77.35.252.239
11,Kit,Trewman,ktrewmana@hubpages.com,Male,41.148.61.41
12,Tamara,Tremoille,ttremoilleb@omniture.com,Non-binary,249.112.169.164
13,Rae,Parlatt,rparlattc@ebay.com,Female,91.73.124.7
14,Welsh,MacDermot,wmacdermotd@t-online.de,Male,245.21.126.35
15,Zoe,Harnes,zharnese@etsy.com,Female,127.165.251.143
16,Vonny,Deverille,vdeverillef@meetup.com,Female,99.145.56.110
17,Carlynne,Armatidge,carmatidgeg@huffingtonpost.com,Female,32.62.193.196
18,Frederich,Opfer,fopferh@spiegel.de,Male,205.248.164.159
19,Pattie,Woodings,pwoodingsi@disqus.com,Female,35.38.139.125
20,Georgine,Cakebread,gcakebreadj@histats.com,Female,118.92.131.173
21,Amble,Hundell,ahundellk@independent.co.uk,Male,246.198.164.250
22,Zulema,Bynold,zbynoldl@weibo.com,Female,105.109.5.112
23,Shurlock,Gong,sgongm@tinypic.com,Male,151.158.212.61
24,Cortie,Goodding,cgooddingn@eepurl.com,Agender,41.197.26.37
25,Nickie,Bernardinelli,nbernardinellio@imgur.com,Female,230.254.136.224
26,Evvy,Pleasaunce,epleasauncep@4shared.com,Female,117.229.192.22
27,Freddi,Treadger,ftreadgerq@posterous.com,Female,99.210.164.60
28,Ulrica,Masselin,umasselinr@washington.edu,Female,162.23.112.122
29,Dino,Divisek,ddiviseks@ycombinator.com,Male,76.193.104.137
30,Robers,Dryden,rdrydent@deviantart.com,Male,143.84.191.47
31,Mab,Chesworth,mchesworthu@yolasite.com,Female,51.11.71.16
32,Kenyon,Alyonov,kalyonovv@upenn.edu,Male,28.147.61.17
33,Ada,Bothe,abothew@chron.com,Female,46.118.51.90
34,Adelbert,Merriday,amerridayx@ucsd.edu,Male,36.185.15.62
35,Eugenio,Kenney,ekenneyy@twitpic.com,Male,255.215.47.165
36,Christophe,Jossel,cjosselz@ihg.com,Male,45.102.164.239
37,Chris,O'Hartnedy,cohartnedy10@bravesites.com,Male,137.97.1.242
38,Jana,Pantin,jpantin11@tripadvisor.com,Female,49.97.166.238
39,Elisha,Bray,ebray12@hao123.com,Genderqueer,172.219.194.10
40,Betteanne,Seathwright,bseathwright13@rediff.com,Female,71.67.157.203
41,Aurora,Olivia,aolivia14@lulu.com,Agender,181.176.250.43
42,Clementia,Franzman,cfranzman15@mediafire.com,Female,254.125.73.141
43,Donovan,Bottjer,dbottjer16@usda.gov,Male,46.79.230.246
44,Toni,Biggins,tbiggins17@ycombinator.com,Female,226.205.153.17
45,Currie,Llewelyn,cllewelyn18@odnoklassniki.ru,Male,42.61.248.252
46,Bellina,Geer,bgeer19@wsj.com,Polygender,80.219.31.241
47,Pancho,Eales,peales1a@theguardian.com,Male,154.34.213.38
48,Nev,Whopples,nwhopples1b@tripod.com,Male,139.78.180.92
49,Ginelle,Hassewell,ghassewell1c@cnn.com,Female,220.133.79.235
50,Courtney,Deas,cdeas1d@g.co,Non-binary,156.10.24.205
51,Ginnie,Boick,gboick1e@cloudflare.com,Female,33.5.76.53
52,Bil,Donohue,bdonohue1f@ted.com,Male,147.245.228.134
53,Roderigo,Condon,rcondon1g@abc.net.au,Male,57.8.95.190
54,Ike,Severwright,iseverwright1h@gmpg.org,Male,188.168.109.94
55,Walliw,Caneo,wcaneo1i@barnesandnoble.com,Female,218.222.248.24
56,Rowan,Edeson,redeson1j@stanford.edu,Male,171.178.12.31
57,Margit,Leer,mleer1k@technorati.com,Female,68.133.108.250
58,Lambert,Curee,lcuree1l@dailymotion.com,Male,56.5.153.237
59,Agnella,Causey,acausey1m@marriott.com,Female,24.97.71.170
60,Wayne,Clink,wclink1n@paypal.com,Male,84.121.143.179
61,Hamid,Fidgeon,hfidgeon1o@walmart.com,Male,199.192.142.97
62,Allister,Wilde,awilde1p@last.fm,Male,212.88.208.42
63,Brockie,Christian,bchristian1q@macromedia.com,Male,127.207.73.233
64,Milicent,Hopkins,mhopkins1r@facebook.com,Female,207.102.104.175
65,Molly,Kingzeth,mkingzeth1s@g.co,Female,234.176.212.8
66,Krista,Sarton,ksarton1t@example.com,Female,66.26.193.177
67,Lurleen,Orht,lorht1u@dedecms.com,Female,235.141.172.140
68,Cheslie,Brunstan,cbrunstan1v@1688.com,Female,5.218.123.123
69,Fleur,Durban,fdurban1w@sogou.com,Female,146.133.143.212
70,Aldon,Verzey,averzey1x@squarespace.com,Male,212.216.195.58
71,Eldridge,Aikin,eaikin1y@theguardian.com,Male,197.155.45.195
72,Georgie,Liggens,gliggens1z@sfgate.com,Male,101.138.148.115
73,Anet,Painter,apainter20@omniture.com,Female,198.97.149.111
74,Vladimir,Sheach,vsheach21@hc360.com,Male,255.170.138.5
75,Joyann,Calkin,jcalkin22@webs.com,Female,36.53.196.163
76,Ula,Meryett,umeryett23@marriott.com,Female,180.65.248.105
77,Minne,Ramshay,mramshay24@cbc.ca,Female,20.49.163.9
78,Cindy,Boule,cboule25@nature.com,Female,182.164.144.115
79,Clary,McCleod,cmccleod26@mail.ru,Female,152.104.229.115
80,Darb,O'Hogertie,dohogertie27@simplemachines.org,Female,114.255.179.129
81,Eveline,McKerron,emckerron28@liveinternet.ru,Female,166.40.121.214
82,Barnabe,Andrzejewski,bandrzejewski29@yahoo.co.jp,Male,226.138.203.165
83,Hiram,Kalker,hkalker2a@meetup.com,Male,241.126.135.21
84,Beckie,Biasioli,bbiasioli2b@princeton.edu,Female,42.117.184.15
85,Matti,Muspratt,mmuspratt2c@abc.net.au,Female,144.228.98.102
86,Kirstin,Dowsing,kdowsing2d@xinhuanet.com,Female,134.111.223.76
87,Laurie,Cornner,lcornner2e@hostgator.com,Male,59.33.187.10
88,Latisha,Whitelaw,lwhitelaw2f@usatoday.com,Female,89.30.110.38
89,Donal,Reditt,dreditt2g@hc360.com,Male,215.154.161.59
90,Gilberto,Archbell,garchbell2h@uol.com.br,Male,241.118.7.153
91,Linell,Tracey,ltracey2i@epa.gov,Female,10.230.45.55
92,Barbi,Kroin,bkroin2j@ycombinator.com,Bigender,56.236.86.98
93,Pavia,Whitney,pwhitney2k@artisteer.com,Female,246.80.239.18
94,Camila,Nornasell,cnornasell2l@photobucket.com,Female,119.84.69.79
95,Eldin,McKeney,emckeney2m@t-online.de,Male,128.131.153.109
96,Meier,Clayworth,mclayworth2n@boston.com,Male,166.246.160.15
97,Harwilll,Saller,hsaller2o@google.nl,Male,171.242.174.182
98,Silvester,Lenham,slenham2p@comsenz.com,Male,151.124.157.212
99,Justis,Merrifield,jmerrifield2q@squidoo.com,Male,53.80.96.127
100,Laughton,Frigot,lfrigot2r@mit.edu,Male,42.41.253.142
