101,Dagmar,Ponde,dponde0@usa.gov,Female,149.224.81.86
102,Beauregard,Clynmans,bclynmans1@a8.net,Male,113.71.213.170
103,Hildegarde,Fouracres,hfouracres2@examiner.com,Female,210.125.161.12
104,Eleonora,Gabotti,egabotti3@miitbeian.gov.cn,Female,65.37.191.200
105,Beauregard,Genn,bgenn4@usatoday.com,Male,106.166.104.24
106,Johnath,Macek,jmacek5@yellowbook.com,Female,34.150.168.235
107,Alicea,Prophet,aprophet6@reuters.com,Female,225.163.38.254
108,Morie,Biddwell,mbiddwell7@issuu.com,Male,168.101.144.86
109,Dyanna,Venart,dvenart8@gravatar.com,Female,67.246.97.200
110,Marni,Fourmy,mfourmy9@pbs.org,Female,212.229.73.20
111,Richardo,Craigie,rcraigiea@acquirethisname.com,Male,214.208.132.169
112,Carmencita,Tackley,ctackleyb@mtv.com,Female,89.96.211.196
113,Blayne,Viger,bvigerc@hao123.com,Male,25.33.155.40
114,Rosabelle,Wight,rwightd@mlb.com,Female,229.3.47.174
115,Cherise,Toffano,ctoffanoe@so-net.ne.jp,Female,158.253.167.74
116,Tabor,Swansbury,tswansburyf@earthlink.net,Male,25.57.109.194
117,Chevalier,Ceeley,cceeleyg@fc2.com,Male,17.163.139.32
118,Olivie,Sarson,osarsonh@ted.com,Female,191.139.162.199
119,Gabrielle,Goatman,ggoatmani@hc360.com,Female,203.67.107.218
120,Kamila,Levene,klevenej@weibo.com,Female,85.171.221.58
121,Barrie,Stainton,bstaintonk@wired.com,Female,242.73.35.85
122,Shayne,Adshead,sadsheadl@uol.com.br,Male,44.108.84.186
123,Stoddard,Olander,solanderm@howstuffworks.com,Polygender,90.64.67.65
124,Reuben,Joska,rjoskan@people.com.cn,Male,143.118.187.149
125,Deni,Gontier,dgontiero@mozilla.org,Female,103.32.217.199
126,Renato,Jacquemard,rjacquemardp@quantcast.com,Male,179.215.124.30
127,Ugo,Lyster,ulysterq@yale.edu,Male,7.141.131.78
128,Denys,Hartill,dhartillr@4shared.com,Male,199.170.164.152
129,Normie,Tschierse,ntschierses@si.edu,Male,61.43.206.253
130,Fina,Lamort,flamortt@people.com.cn,Female,28.77.2.93
131,Kennett,Matveichev,kmatveichevu@symantec.com,Male,155.249.68.220
132,Donovan,Castille,dcastillev@reference.com,Male,188.116.187.225
133,Umberto,Kensington,ukensingtonw@netlog.com,Male,95.51.134.97
134,Nell,Baumer,nbaumerx@cnet.com,Agender,209.162.125.95
135,Clemens,Dovington,cdovingtony@scribd.com,Male,210.210.48.194
136,Gerardo,Shill,gshillz@ovh.net,Male,138.111.243.164
137,Lombard,Lockie,llockie10@tripadvisor.com,Male,14.73.13.152
138,Cheri,Branney,cbranney11@devhub.com,Non-binary,232.7.137.238
139,Jamie,Hewlings,jhewlings12@nymag.com,Male,240.98.251.130
140,Gaynor,Bottle,gbottle13@dmoz.org,Female,255.88.43.113
141,Joletta,Mathewes,jmathewes14@joomla.org,Female,186.55.59.136
142,Samuel,McPhate,smcphate15@answers.com,Genderfluid,147.190.40.71
143,Whitaker,Hughf,whughf16@usnews.com,Male,253.205.251.165
144,Annis,Shale,ashale17@creativecommons.org,Female,215.78.234.53
145,Gene,Gasticke,ggasticke18@microsoft.com,Female,113.65.24.253
146,Brendin,Kraut,bkraut19@dropbox.com,Male,88.163.46.79
147,Kathe,Hookes,khookes1a@vimeo.com,Female,246.199.133.120
148,Oran,Goldsack,ogoldsack1b@apple.com,Male,4.191.53.154
149,Hebert,Stoggles,hstoggles1c@about.me,Male,181.198.18.146
150,Gabriel,O'Fihillie,gofihillie1d@so-net.ne.jp,Male,177.83.104.168
151,Travers,Breche,tbreche1e@howstuffworks.com,Male,5.88.16.5
152,Drusilla,Dongall,ddongall1f@ft.com,Female,49.79.206.224
153,Art,O'Carran,aocarran1g@wikispaces.com,Male,146.210.30.166
154,Klarrisa,Ilyas,kilyas1h@theguardian.com,Female,115.36.118.163
155,Silvio,Dixie,sdixie1i@netvibes.com,Male,110.51.49.33
156,Bethina,Burgane,bburgane1j@wordpress.org,Female,95.54.86.83
157,Kit,Flay,kflay1k@ning.com,Male,107.113.58.140
158,Kamila,Kerans,kkerans1l@samsung.com,Female,58.126.86.233
159,Joannes,Revans,jrevans1m@howstuffworks.com,Female,28.80.77.117
160,Ned,Lea,nlea1n@gmpg.org,Male,96.179.199.92
161,Felice,Garatty,fgaratty1o@google.com.br,Male,249.224.127.21
162,Wes,Sommerling,wsommerling1p@miibeian.gov.cn,Male,119.235.81.87
163,Heinrick,Wing,hwing1q@ucoz.com,Male,102.62.217.228
164,Norry,Croizier,ncroizier1r@parallels.com,Female,33.86.238.167
165,Richardo,Albany,ralbany1s@yahoo.com,Male,252.128.143.68
166,Barth,Body,bbody1t@list-manage.com,Male,245.221.133.109
167,Ertha,Sive,esive1u@tinyurl.com,Female,249.128.247.43
168,Elena,Skully,eskully1v@barnesandnoble.com,Female,219.4.92.148
169,Carlen,Bridat,cbridat1w@elegantthemes.com,Female,73.202.232.117
170,Dukie,Mila,dmila1x@theguardian.com,Male,73.134.111.128
171,Cal,April,capril1y@youtu.be,Male,211.144.22.252
172,Philomena,Scrowton,pscrowton1z@patch.com,Female,7.103.164.131
173,Brandtr,Soffe,bsoffe20@live.com,Male,6.231.38.247
174,Omar,Geaney,ogeaney21@amazon.de,Male,119.21.138.57
175,Nana,MacRierie,nmacrierie22@example.com,Female,61.91.11.217
176,Rochella,Polino,rpolino23@stumbleupon.com,Female,13.96.200.236
177,Walker,Rennie,wrennie24@ocn.ne.jp,Male,91.194.241.75
178,Ulrick,Coppeard,ucoppeard25@wunderground.com,Male,208.75.103.63
179,Darell,Quainton,dquainton26@go.com,Genderqueer,26.32.154.97
180,Kristin,Yakolev,kyakolev27@nbcnews.com,Bigender,77.158.82.236
181,Demeter,Dashkov,ddashkov28@mayoclinic.com,Female,127.213.207.141
182,Liv,Marchent,lmarchent29@weibo.com,Female,60.203.54.253
183,Frederic,Nourse,fnourse2a@google.co.jp,Agender,30.193.160.148
184,Edd,Sehorsch,esehorsch2b@ask.com,Male,60.247.76.166
185,Adria,Osburn,aosburn2c@ucoz.ru,Female,142.3.17.203
186,Vinny,Vivash,vvivash2d@trellian.com,Genderqueer,246.87.24.88
187,Onofredo,Fattori,ofattori2e@wordpress.org,Male,222.71.185.151
188,Rance,Elliot,relliot2f@opera.com,Male,148.88.159.115
189,Rudolph,Joy,rjoy2g@google.cn,Male,60.16.116.228
190,Miguel,McArley,mmcarley2h@sohu.com,Male,91.110.88.35
191,Latrena,Baudassi,lbaudassi2i@fotki.com,Female,9.165.204.217
192,Pavla,Harbidge,pharbidge2j@a8.net,Female,169.104.197.140
193,Mariana,Costelow,mcostelow2k@geocities.com,Female,135.190.217.35
194,Luciana,Gladeche,lgladeche2l@wunderground.com,Female,0.58.22.157
195,Stafford,Birdsall,sbirdsall2m@eepurl.com,Male,95.229.190.251
196,Bruis,Mussetti,bmussetti2n@oaic.gov.au,Male,212.143.214.141
197,Bernard,Bohling,bbohling2o@utexas.edu,Male,255.15.129.62
198,Brig,Lafferty,blafferty2p@slashdot.org,Male,100.70.8.117
199,Katharine,Hurley,khurley2q@wikia.com,Female,64.8.201.42
200,Arielle,Oakhill,aoakhill2r@redcross.org,Female,25.38.9.211
201,Abelard,Melding,amelding2s@geocities.com,Male,101.76.157.2
202,Sidonnie,Hartmann,shartmann2t@shutterfly.com,Female,235.57.147.233
203,Staffard,Leonardi,sleonardi2u@aboutads.info,Male,8.139.53.173
204,Peder,Antoszczyk,pantoszczyk2v@ca.gov,Male,225.28.199.74
205,Germayne,Quilligan,gquilligan2w@home.pl,Male,193.224.188.22
206,Alford,Worham,aworham2x@free.fr,Male,85.162.72.203
207,Darcee,Mullenger,dmullenger2y@ebay.com,Female,70.93.135.145
208,Ariela,Conybear,aconybear2z@eventbrite.com,Female,207.181.116.23
209,Romola,Urey,rurey30@narod.ru,Female,91.1.216.232
210,Karolina,Savin,ksavin31@java.com,Polygender,233.44.111.206
211,Man,Aris,maris32@spiegel.de,Polygender,63.158.157.164
212,Solomon,Goadby,sgoadby33@eventbrite.com,Male,31.248.252.238
213,Brooke,Brugsma,bbrugsma34@epa.gov,Male,235.159.210.55
214,Dannel,Ismay,dismay35@moonfruit.com,Non-binary,176.147.64.97
215,Faythe,Dreier,fdreier36@deliciousdays.com,Bigender,162.195.108.70
216,Kari,Crisp,kcrisp37@tripadvisor.com,Female,192.138.195.58
217,Brit,Bonnavant,bbonnavant38@quantcast.com,Agender,197.165.161.46
218,Niles,Verdon,nverdon39@wikispaces.com,Male,184.30.28.245
219,Darnall,Peffer,dpeffer3a@dyndns.org,Male,65.175.55.134
220,Genny,Branigan,gbranigan3b@hostgator.com,Female,72.208.144.24
221,Salim,Fawcitt,sfawcitt3c@mac.com,Polygender,112.85.50.91
222,Wilmer,Penlington,wpenlington3d@geocities.jp,Male,25.7.185.125
223,Emile,Gullen,egullen3e@php.net,Non-binary,133.148.158.206
224,Perceval,Alpe,palpe3f@bing.com,Male,122.245.37.101
225,Arabel,Craze,acraze3g@hostgator.com,Female,11.180.203.48
226,Margaux,Bernhart,mbernhart3h@unc.edu,Female,58.221.20.196
227,Jaymie,Blumson,jblumson3i@nhs.uk,Male,24.42.79.66
228,Ginnie,Boich,gboich3j@wunderground.com,Female,140.6.163.87
229,Burr,Arnason,barnason3k@tuttocitta.it,Male,5.249.209.156
230,Merrick,Chasney,mchasney3l@list-manage.com,Male,18.155.17.143
231,Jerrold,Kelberman,jkelberman3m@nsw.gov.au,Male,214.55.83.68
232,Wally,Urwen,wurwen3n@bbb.org,Male,150.120.99.74
233,Mei,Siemantel,msiemantel3o@uiuc.edu,Female,1.239.255.41
234,Ryann,Caustick,rcaustick3p@posterous.com,Non-binary,84.113.78.149
235,Jennie,Westoll,jwestoll3q@slate.com,Female,251.227.185.47
236,Pascale,Wakefield,pwakefield3r@alexa.com,Non-binary,211.240.3.134
237,Farra,Clem,fclem3s@dropbox.com,Female,232.95.4.196
238,Lulu,Henrichsen,lhenrichsen3t@narod.ru,Female,131.187.81.36
239,Odo,Cometti,ocometti3u@deviantart.com,Male,242.252.80.144
240,Morty,Thorogood,mthorogood3v@delicious.com,Male,133.172.23.108
241,Erl,Chamberlaine,echamberlaine3w@blogtalkradio.com,Male,68.20.6.156
242,Drucie,Amy,damy3x@about.com,Female,225.191.208.157
243,Bobby,Ballston,bballston3y@linkedin.com,Agender,5.243.162.220
244,Jessie,Room,jroom3z@umich.edu,Male,13.41.60.254
245,Milena,Bellchamber,mbellchamber40@engadget.com,Female,26.72.73.49
246,Marcello,Claringbold,mclaringbold41@youtu.be,Male,8.145.84.9
247,Irving,Roblin,iroblin42@arstechnica.com,Male,200.34.159.146
248,Marlane,Oldfield-Cherry,moldfieldcherry43@wunderground.com,Female,6.138.102.13
249,Gabbi,Dugmore,gdugmore44@xrea.com,Female,226.85.64.155
250,Lucian,Van Merwe,lvanmerwe45@icio.us,Male,122.191.66.18
251,Malorie,Willoway,mwilloway46@sciencedaily.com,Female,194.237.231.46
252,Dud,Raftery,draftery47@canalblog.com,Male,211.10.212.134
253,Kacie,MacKomb,kmackomb48@blogtalkradio.com,Female,37.143.40.184
254,Vanna,McGilleghole,vmcgilleghole49@e-recht24.de,Female,238.145.50.170
255,Gaston,Sherborn,gsherborn4a@feedburner.com,Male,212.60.65.52
256,Renie,Yearnes,ryearnes4b@joomla.org,Female,176.112.82.61
257,Tannie,De Biaggi,tdebiaggi4c@instagram.com,Male,182.115.16.105
258,Eula,Corley,ecorley4d@ifeng.com,Female,126.69.246.109
259,Nesta,Palay,npalay4e@pbs.org,Female,30.103.65.254
260,Lilyan,Heintz,lheintz4f@desdev.cn,Female,11.223.177.61
261,Kat,Keston,kkeston4g@imdb.com,Female,164.200.136.149
262,Darnall,Jeannin,djeannin4h@bizjournals.com,Male,96.112.85.218
263,Reuven,Arendt,rarendt4i@github.io,Male,107.220.49.45
264,Karmen,Forrestall,kforrestall4j@php.net,Female,207.57.187.62
265,Cobby,Boldecke,cboldecke4k@narod.ru,Genderfluid,71.128.47.66
266,Catlin,Gowdridge,cgowdridge4l@jalbum.net,Female,22.116.233.107
267,Edee,Edworthie,eedworthie4m@seesaa.net,Female,7.145.236.1
268,Tomasina,Larter,tlarter4n@vimeo.com,Female,52.49.194.46
269,Kingsly,Antonias,kantonias4o@google.com.br,Male,7.179.95.143
270,Alonzo,Jeune,ajeune4p@fema.gov,Male,46.68.120.62
271,Phylis,Rivilis,privilis4q@archive.org,Female,102.235.92.47
272,Sally,Ravenscroft,sravenscroft4r@irs.gov,Female,42.245.63.55
273,Prescott,Le Conte,pleconte4s@washington.edu,Male,193.82.65.2
274,Ema,Guille,eguille4t@flavors.me,Female,103.143.212.80
275,Carolyn,Murtagh,cmurtagh4u@webmd.com,Female,169.32.247.41
276,Oswald,Vivash,ovivash4v@boston.com,Male,227.107.209.205
277,Roanne,Medlicott,rmedlicott4w@princeton.edu,Female,111.53.133.77
278,Cassandre,Bessant,cbessant4x@ning.com,Female,7.108.63.46
279,Land,Goozee,lgoozee4y@fotki.com,Male,221.189.156.116
280,Aurie,Lown,alown4z@wikispaces.com,Female,199.153.223.1
281,Hillary,Enderle,henderle50@skyrock.com,Female,126.107.48.224
282,Gloria,Carter,gcarter51@irs.gov,Female,61.45.67.26
283,Eimile,Rae,erae52@cam.ac.uk,Female,136.111.90.97
284,Edik,Lauridsen,elauridsen53@abc.net.au,Male,85.213.159.88
285,Remy,Gepheart,rgepheart54@nytimes.com,Female,23.226.158.158
286,Daron,Baudino,dbaudino55@imgur.com,Female,71.195.189.65
287,Oby,Warters,owarters56@bloomberg.com,Male,23.171.37.35
288,Kitty,Chomicki,kchomicki57@squidoo.com,Genderfluid,119.89.238.141
289,Josias,Jeffray,jjeffray58@spiegel.de,Male,70.195.87.20
290,Marcos,Didball,mdidball59@dmoz.org,Non-binary,135.70.80.79
291,Poppy,McGrale,pmcgrale5a@state.tx.us,Female,72.104.86.15
292,Lancelot,Greenway,lgreenway5b@earthlink.net,Male,179.252.64.152
293,Paula,Ninnis,pninnis5c@telegraph.co.uk,Non-binary,33.168.190.186
294,Berny,Klainman,bklainman5d@webmd.com,Male,229.91.231.43
295,Carmelita,O'Riordan,coriordan5e@altervista.org,Female,32.146.252.112
296,Remington,Zanetto,rzanetto5f@msn.com,Male,130.84.190.197
297,Merv,Dewi,mdewi5g@walmart.com,Male,55.17.207.230
298,Diana,Vincent,dvincent5h@google.ca,Female,9.226.241.252
299,Ailyn,Edgeler,aedgeler5i@com.com,Female,120.70.10.23
300,Marigold,Berth,mberth5j@nymag.com,Female,55.86.87.183
301,Johnette,Vickers,jvickers5k@seesaa.net,Female,182.235.66.154
302,Mariellen,Ber,mber5l@illinois.edu,Female,14.58.172.16
303,Kele,Tonry,ktonry5m@cocolog-nifty.com,Male,203.103.199.41
304,Amos,Schultheiss,aschultheiss5n@intel.com,Male,63.224.181.165
305,Analiese,Tribell,atribell5o@smh.com.au,Female,89.146.86.152
306,Jaime,Aucoate,jaucoate5p@baidu.com,Male,107.83.244.110
307,Marisa,Connew,mconnew5q@godaddy.com,Female,32.183.25.130
308,Janeczka,Ruckert,jruckert5r@accuweather.com,Female,86.46.54.57
309,Marabel,Girdler,mgirdler5s@wisc.edu,Female,145.114.128.151
310,Beniamino,Piddletown,bpiddletown5t@histats.com,Male,37.191.11.63
311,Lianne,Skinner,lskinner5u@reference.com,Female,105.76.13.146
312,Olenolin,Inett,oinett5v@booking.com,Male,37.34.163.213
313,Baird,Sandle,bsandle5w@bbc.co.uk,Male,220.143.179.167
314,Beale,Braker,bbraker5x@weibo.com,Male,71.37.205.235
315,Brandon,Seebert,bseebert5y@buzzfeed.com,Male,138.20.57.223
316,Westbrook,Bison,wbison5z@cdbaby.com,Male,142.174.77.145
317,Zarla,Tinsey,ztinsey60@noaa.gov,Female,201.240.45.36
318,Aldwin,Gierhard,agierhard61@reverbnation.com,Male,31.221.50.224
319,Cynde,Parzizek,cparzizek62@amazon.co.jp,Female,110.35.233.1
320,Mychal,Fraser,mfraser63@youku.com,Male,53.119.141.35
321,Marlene,Wakes,mwakes64@mail.ru,Female,153.77.76.148
322,Keefer,Irving,kirving65@fema.gov,Male,99.50.156.241
323,Jarid,Towe,jtowe66@hhs.gov,Male,235.199.226.210
324,Frasier,Essberger,fessberger67@fotki.com,Male,138.67.19.7
325,Billie,Glasscoo,bglasscoo68@cornell.edu,Female,140.37.222.32
326,Wildon,Cudby,wcudby69@cbsnews.com,Male,203.203.141.134
327,Mariele,Janu,mjanu6a@unesco.org,Female,209.224.179.36
328,Tiebout,Kelson,tkelson6b@wufoo.com,Male,87.42.26.162
329,Hilda,Haddow,hhaddow6c@hibu.com,Female,20.172.126.178
330,Frans,Flieger,fflieger6d@illinois.edu,Male,234.180.180.64
331,Deanna,Margetts,dmargetts6e@deviantart.com,Female,95.138.134.236
332,Xenos,Kittel,xkittel6f@taobao.com,Male,122.176.170.80
333,Barny,Caskie,bcaskie6g@webnode.com,Agender,64.7.169.110
334,Wyatan,Jakab,wjakab6h@elpais.com,Male,72.154.174.156
335,Venus,Bruhnke,vbruhnke6i@nih.gov,Female,245.249.215.137
336,Kate,Mingotti,kmingotti6j@sina.com.cn,Female,114.246.216.105
337,Cassandry,Lasty,clasty6k@w3.org,Female,199.65.246.255
338,Cordula,Van Arsdale,cvanarsdale6l@qq.com,Female,7.214.85.69
339,Woodrow,Laurent,wlaurent6m@state.tx.us,Male,28.253.109.218
340,Maryanna,Glisenan,mglisenan6n@ocn.ne.jp,Female,88.110.209.32
341,Catarina,Lawranson,clawranson6o@hatena.ne.jp,Non-binary,63.139.224.141
342,Teddie,Record,trecord6p@vimeo.com,Male,101.174.48.119
343,Cece,Molden,cmolden6q@apple.com,Male,241.225.29.57
344,Clemens,Facchini,cfacchini6r@quantcast.com,Male,161.113.134.245
345,Linc,Muttitt,lmuttitt6s@wiley.com,Male,215.203.100.62
346,Marielle,Kurten,mkurten6t@macromedia.com,Female,106.190.50.198
347,Starla,Linkie,slinkie6u@admin.ch,Bigender,243.6.78.59
348,Cyndi,Rasp,crasp6v@patch.com,Female,213.5.27.158
349,Eimile,Spenceley,espenceley6w@odnoklassniki.ru,Female,8.92.86.206
350,Marge,Kalinovich,mkalinovich6x@1688.com,Female,19.209.112.83
351,Deerdre,Dickinson,ddickinson6y@liveinternet.ru,Female,36.125.25.247
352,Ronny,Bolwell,rbolwell6z@hao123.com,Male,184.117.136.22
353,Egor,Gergolet,egergolet70@chronoengine.com,Polygender,6.155.176.0
354,Janna,Rodders,jrodders71@baidu.com,Female,11.243.111.39
355,Bartlet,Segeswoeth,bsegeswoeth72@soundcloud.com,Male,143.116.220.101
356,Junia,Measey,jmeasey73@pcworld.com,Female,230.107.187.49
357,Bernie,Tackett,btackett74@whitehouse.gov,Male,79.193.10.26
358,Angel,Deverick,adeverick75@sogou.com,Male,73.106.233.5
359,Merrilee,Hebron,mhebron76@craigslist.org,Genderqueer,226.145.208.167
360,Halsy,Caudelier,hcaudelier77@blogger.com,Male,190.225.194.27
361,Evyn,Sijmons,esijmons78@ftc.gov,Male,39.218.84.210
362,Shawn,Nelthrop,snelthrop79@si.edu,Male,133.186.48.250
363,Vinnie,Stanwix,vstanwix7a@diigo.com,Agender,164.72.91.188
364,Chevy,Kynan,ckynan7b@latimes.com,Male,164.214.166.181
365,Pablo,Woods,pwoods7c@privacy.gov.au,Male,26.172.44.190
366,Allyn,Butting,abutting7d@joomla.org,Female,236.159.237.46
367,Bella,Nunson,bnunson7e@utexas.edu,Female,56.228.227.121
368,Kim,Berndt,kberndt7f@yale.edu,Female,13.255.152.210
369,Jaye,Blue,jblue7g@ihg.com,Male,91.24.132.239
370,Kayne,O'Heneghan,koheneghan7h@over-blog.com,Male,204.202.100.96
371,Engelbert,Woollaston,ewoollaston7i@usgs.gov,Male,77.176.98.100
372,Nanete,Klesel,nklesel7j@earthlink.net,Female,82.233.92.17
373,Kerrill,Brumbie,kbrumbie7k@soup.io,Female,249.12.103.122
374,Brett,Stoney,bstoney7l@wufoo.com,Male,27.15.156.33
375,Darcy,Faloon,dfaloon7m@sourceforge.net,Female,36.101.98.76
376,Danni,Hanfrey,dhanfrey7n@alexa.com,Non-binary,199.212.212.120
377,Peadar,Piotr,ppiotr7o@shutterfly.com,Male,154.38.220.67
378,Pam,Brownsell,pbrownsell7p@ca.gov,Genderfluid,168.82.205.123
379,Merissa,Bunner,mbunner7q@ask.com,Female,65.206.33.109
380,Harriet,Giacomoni,hgiacomoni7r@elegantthemes.com,Female,116.241.27.247
381,Myriam,Strut,mstrut7s@cnbc.com,Female,36.157.129.63
382,Natalee,Rozsa,nrozsa7t@nbcnews.com,Female,184.138.240.75
383,Luelle,Wrightim,lwrightim7u@wisc.edu,Non-binary,229.89.193.140
384,Briano,Pippin,bpippin7v@illinois.edu,Male,40.144.5.197
385,Adrianna,Petche,apetche7w@nationalgeographic.com,Non-binary,187.23.193.107
386,Cazzie,Jerrand,cjerrand7x@dedecms.com,Male,151.88.189.131
387,Jehanna,Evensden,jevensden7y@imgur.com,Female,202.129.211.117
388,Rosy,Stanborough,rstanborough7z@phpbb.com,Female,234.190.229.192
389,Gusella,Hamsley,ghamsley80@cargocollective.com,Female,68.187.126.48
390,Georgia,Millican,gmillican81@time.com,Female,64.129.55.128
391,Nikaniki,Piperley,npiperley82@sbwire.com,Female,51.86.35.8
392,Larisa,Dinzey,ldinzey83@wordpress.com,Female,74.134.141.142
393,Hamil,Guesford,hguesford84@bloomberg.com,Male,232.132.32.203
394,Everett,Willisch,ewillisch85@amazon.co.uk,Male,117.43.107.222
395,Alethea,McHaffy,amchaffy86@springer.com,Female,109.175.126.119
396,Sidney,Yeeles,syeeles87@slate.com,Male,111.18.28.8
397,Erinna,Crate,ecrate88@joomla.org,Female,190.254.161.194
398,Cort,Nolleau,cnolleau89@businessweek.com,Male,174.74.25.206
399,Callie,Errol,cerrol8a@salon.com,Non-binary,203.13.22.149
400,Francklin,Garfield,fgarfield8b@fotki.com,Male,51.3.34.217
401,Horatia,Bilverstone,hbilverstone8c@engadget.com,Female,255.166.235.81
402,Marie,Isacq,misacq8d@independent.co.uk,Female,134.250.203.223
403,Shirley,Hounihan,shounihan8e@sciencedirect.com,Female,197.14.143.65
404,Sly,Tew,stew8f@pen.io,Male,255.153.79.63
405,Jordana,Chimenti,jchimenti8g@google.ru,Female,40.184.249.138
406,Thedrick,Ottewill,tottewill8h@blogspot.com,Male,164.59.184.222
407,Tyrus,Fisbey,tfisbey8i@unesco.org,Male,89.249.207.18
408,Solly,Sharples,ssharples8j@umn.edu,Male,232.176.216.22
409,Peyter,Silcock,psilcock8k@altervista.org,Male,84.149.85.248
410,Serge,Halfpenny,shalfpenny8l@about.me,Male,143.153.0.67
411,Lorenzo,Delamaine,ldelamaine8m@vistaprint.com,Male,229.201.27.5
412,Aldridge,Gresch,agresch8n@bandcamp.com,Male,189.184.169.150
413,Aldo,Goosnell,agoosnell8o@miitbeian.gov.cn,Male,136.20.223.117
414,Giulietta,Hawkett,ghawkett8p@tmall.com,Female,99.138.122.60
415,Olivier,Foxworthy,ofoxworthy8q@domainmarket.com,Male,153.37.139.16
416,Mariann,Dixie,mdixie8r@newyorker.com,Female,219.103.51.90
417,Elias,Duxbarry,eduxbarry8s@theatlantic.com,Male,162.74.56.232
418,Madelon,Lanphere,mlanphere8t@istockphoto.com,Female,86.135.46.101
419,Merill,Colborn,mcolborn8u@reverbnation.com,Male,230.225.91.85
420,Gilli,Nossent,gnossent8v@last.fm,Female,220.128.234.185
421,Sydelle,Colchett,scolchett8w@gravatar.com,Female,102.58.206.144
422,Cherish,Strawbridge,cstrawbridge8x@csmonitor.com,Genderqueer,214.22.127.198
423,Paloma,Longstreet,plongstreet8y@microsoft.com,Female,158.115.50.46
424,Pen,Wooder,pwooder8z@disqus.com,Female,57.124.242.13
425,Jill,Tombling,jtombling90@illinois.edu,Female,119.135.226.82
426,Austina,Rawne,arawne91@noaa.gov,Female,135.200.122.34
427,Michael,McIllrick,mmcillrick92@digg.com,Male,78.68.223.215
428,Lisa,Sarvar,lsarvar93@rediff.com,Female,71.237.5.116
429,Katusha,Beggan,kbeggan94@unicef.org,Female,202.110.50.150
430,Saundra,Gingel,sgingel95@cyberchimps.com,Female,119.178.136.154
431,Jasmine,Crews,jcrews96@china.com.cn,Female,73.211.149.249
432,Johanna,Waren,jwaren97@vimeo.com,Female,146.224.127.240
433,Gerianna,Eddison,geddison98@reverbnation.com,Female,220.3.81.16
434,Ellsworth,Bettis,ebettis99@bloomberg.com,Male,18.239.51.140
435,Daffy,Handscomb,dhandscomb9a@friendfeed.com,Female,246.223.232.147
436,Irwin,Trowbridge,itrowbridge9b@ezinearticles.com,Male,141.114.238.225
437,Marcile,Olrenshaw,molrenshaw9c@zdnet.com,Female,213.220.113.72
438,Dusty,Reford,dreford9d@merriam-webster.com,Female,29.229.1.141
439,Dedra,Legrice,dlegrice9e@scribd.com,Female,190.186.49.142
440,Bettina,Marchbank,bmarchbank9f@wufoo.com,Polygender,197.133.147.167
441,Mitchael,Colquyte,mcolquyte9g@hubpages.com,Male,108.234.128.240
442,Patience,Giocannoni,pgiocannoni9h@imdb.com,Female,198.170.247.80
443,Marni,Brightey,mbrightey9i@slashdot.org,Female,12.17.56.80
444,Inglis,Daintree,idaintree9j@xrea.com,Genderfluid,196.26.177.131
445,Rudolf,Kobsch,rkobsch9k@php.net,Male,38.98.92.224
446,Hector,Marfe,hmarfe9l@lycos.com,Male,178.4.178.104
447,Christabella,Ciccerale,cciccerale9m@hugedomains.com,Female,245.30.9.151
448,Bernard,Leavry,bleavry9n@comcast.net,Male,6.30.246.190
449,Tandi,Masi,tmasi9o@dion.ne.jp,Female,102.224.63.239
450,Ardelis,Hawes,ahawes9p@alibaba.com,Female,208.152.162.253
451,Lulita,Ainsby,lainsby9q@sourceforge.net,Female,157.194.116.78
452,Kandace,Klulik,kklulik9r@naver.com,Female,179.47.128.144
453,Rozanne,Ozanne,rozanne9s@behance.net,Female,46.216.4.48
454,Ellette,Petersen,epetersen9t@rambler.ru,Female,228.43.91.145
455,Delora,Bellsham,dbellsham9u@hud.gov,Female,90.101.38.119
456,Hillard,Connolly,hconnolly9v@jalbum.net,Male,208.253.150.243
457,Bent,Audrey,baudrey9w@tripadvisor.com,Male,57.121.230.105
458,Kendre,Hutchason,khutchason9x@ehow.com,Female,47.43.113.126
459,Marjory,Dmisek,mdmisek9y@dion.ne.jp,Female,198.223.66.115
460,Aubert,Feldheim,afeldheim9z@google.ca,Male,152.249.237.108
461,Delila,Trittam,dtrittama0@dot.gov,Genderfluid,130.106.173.75
462,Brigid,Elletson,belletsona1@acquirethisname.com,Female,108.127.220.41
463,Ros,Widdup,rwiddupa2@blogspot.com,Female,198.56.76.218
464,Jard,Huguet,jhugueta3@netvibes.com,Male,70.244.234.43
465,Antonio,Rattry,arattrya4@loc.gov,Male,209.199.132.221
466,Cristine,Dart,cdarta5@phpbb.com,Agender,247.154.188.164
467,Camella,Mumby,cmumbya6@gizmodo.com,Non-binary,173.227.80.165
468,Tisha,Ewbanck,tewbancka7@live.com,Female,99.217.195.137
469,Calvin,Fozzard,cfozzarda8@cnet.com,Male,5.197.53.121
470,Rudiger,Tenman,rtenmana9@whitehouse.gov,Male,231.45.159.248
471,Thatcher,Whoolehan,twhoolehanaa@51.la,Male,111.100.127.24
472,Ambrosio,Offer,aofferab@toplist.cz,Male,141.7.119.115
473,Rafe,Applegate,rapplegateac@biblegateway.com,Male,44.121.102.39
474,Ancell,Dominy,adominyad@army.mil,Male,21.186.142.48
475,Danita,Reilingen,dreilingenae@creativecommons.org,Female,125.73.29.57
476,Archambault,Sulter,asulteraf@purevolume.com,Male,160.110.136.121
477,Archaimbaud,Grunder,agrunderag@webs.com,Male,79.197.229.223
478,Donnamarie,Murname,dmurnameah@answers.com,Female,191.2.170.168
479,Archibold,Haimes,ahaimesai@vistaprint.com,Male,56.21.95.95
480,Maurine,Raynard,mraynardaj@privacy.gov.au,Female,232.11.206.148
481,Madelena,Dibley,mdibleyak@last.fm,Female,80.56.132.169
482,Honor,Giannasi,hgiannasial@cmu.edu,Female,23.227.68.39
483,Karoly,Adolf,kadolfam@sciencedaily.com,Male,237.199.137.197
484,Lara,Quarrie,lquarriean@yellowbook.com,Female,242.138.67.248
485,Elihu,Fitzackerley,efitzackerleyao@pen.io,Male,223.15.200.40
486,Margaretta,de Keep,mdekeepap@psu.edu,Female,93.165.180.146
487,Francklin,Fitchet,ffitchetaq@comsenz.com,Male,25.92.239.50
488,Kristos,Harmes,kharmesar@ox.ac.uk,Agender,72.234.86.182
489,Atlante,Drinkall,adrinkallas@abc.net.au,Female,74.186.15.107
490,Rhodia,Gordon,rgordonat@trellian.com,Female,131.170.57.67
491,Regine,Osmant,rosmantau@cbsnews.com,Female,179.138.3.196
492,Annalee,Courcey,acourceyav@uol.com.br,Female,132.32.244.31
493,Martino,Mecozzi,mmecozziaw@indiegogo.com,Male,252.19.192.227
494,Whitaker,Moden,wmodenax@quantcast.com,Male,168.91.85.61
495,Kathrine,Stanyon,kstanyonay@chron.com,Female,31.179.173.12
496,Ingemar,Parks,iparksaz@intel.com,Male,12.22.92.162
497,Collen,Izsak,cizsakb0@soup.io,Female,169.8.240.174
498,Win,Flewin,wflewinb1@1und1.de,Polygender,251.156.177.63
499,Lowrance,Barneveld,lbarneveldb2@ebay.co.uk,Male,213.233.132.1
500,Ruddy,Pitrelli,rpitrellib3@dagondesign.com,Male,129.87.205.41
501,Amii,Petegree,apetegreeb4@economist.com,Female,18.36.100.195
502,Findley,Leebetter,fleebetterb5@ft.com,Genderfluid,107.172.59.249
503,Celestia,Trusler,ctruslerb6@tamu.edu,Female,43.179.237.52
504,Lowrance,Chiddy,lchiddyb7@yandex.ru,Male,178.235.47.41
505,Sari,Shipperbottom,sshipperbottomb8@ask.com,Female,157.136.2.111
506,Rosco,Ambrois,rambroisb9@ameblo.jp,Male,169.119.146.186
507,Kristo,Skeates,kskeatesba@sun.com,Male,156.106.94.185
508,Aloysius,Whatmough,awhatmoughbb@toplist.cz,Male,131.211.127.213
509,Hamish,Barnby,hbarnbybc@huffingtonpost.com,Male,118.124.244.76
510,Cathy,Kubanek,ckubanekbd@about.me,Female,246.25.109.75
511,Poppy,Pirson,ppirsonbe@tumblr.com,Female,105.248.69.168
512,Fidela,MacGillacolm,fmacgillacolmbf@discovery.com,Female,105.47.38.201
513,Jack,Ettels,jettelsbg@smugmug.com,Male,59.178.153.180
514,Bernardine,Raitt,braittbh@printfriendly.com,Bigender,101.97.253.250
515,Hermy,Menichino,hmenichinobi@booking.com,Male,247.43.16.11
516,Junia,Gerrard,jgerrardbj@ted.com,Female,178.75.158.103
517,Hussein,Fridd,hfriddbk@telegraph.co.uk,Bigender,12.205.242.157
518,Finley,Stamper,fstamperbl@jugem.jp,Male,87.74.78.130
519,Ivett,Stutely,istutelybm@rediff.com,Female,237.246.139.12
520,Murray,Broster,mbrosterbn@hostgator.com,Male,221.154.31.152
521,Christy,Learmont,clearmontbo@theglobeandmail.com,Male,41.191.46.87
522,Tessa,Calrow,tcalrowbp@clickbank.net,Female,10.255.117.119
523,Nancy,Louw,nlouwbq@wiley.com,Female,253.70.54.92
524,Germain,Strass,gstrassbr@ucsd.edu,Male,98.232.239.138
525,Ettie,Hince,ehincebs@php.net,Bigender,187.215.137.67
526,Dee dee,Mabbs,dmabbsbt@de.vu,Female,11.199.228.7
527,Giustino,Kuhnwald,gkuhnwaldbu@paginegialle.it,Polygender,217.132.173.143
528,Damaris,Ricket,dricketbv@bloglines.com,Female,64.209.223.49
529,Clerc,Solloway,csollowaybw@reddit.com,Male,176.131.1.23
530,Cherice,Ambrosini,cambrosinibx@abc.net.au,Female,39.25.112.106
531,Ulla,Wyman,uwymanby@google.com.au,Female,222.104.101.84
532,Tana,Wingate,twingatebz@people.com.cn,Female,73.228.117.42
533,Chicky,Heck,checkc0@mapquest.com,Male,51.233.217.4
534,Shoshanna,Sarten,ssartenc1@netscape.com,Female,94.19.87.118
535,Ware,Bettles,wbettlesc2@illinois.edu,Male,55.249.223.244
536,Reta,Smitheman,rsmithemanc3@wufoo.com,Female,171.2.229.125
537,Danica,Borsi,dborsic4@yolasite.com,Agender,10.53.96.98
538,Dorrie,Karel,dkarelc5@dell.com,Female,42.158.5.153
539,Erin,Arnli,earnlic6@is.gd,Female,78.175.5.79
540,Tye,Leathley,tleathleyc7@scribd.com,Male,102.236.236.98
541,Elspeth,Worlidge,eworlidgec8@unesco.org,Female,12.17.80.57
542,Orazio,Throssell,othrossellc9@bing.com,Male,79.180.209.187
543,Merwyn,Domenget,mdomengetca@bloglovin.com,Male,136.21.109.158
544,Viviyan,Walshe,vwalshecb@cocolog-nifty.com,Polygender,87.21.9.43
545,Heloise,Holley,hholleycc@odnoklassniki.ru,Female,128.238.214.197
546,Umeko,Stone,ustonecd@123-reg.co.uk,Female,184.136.244.224
547,Brooke,Mabbs,bmabbsce@mapquest.com,Male,39.25.29.176
548,Moritz,Drewet,mdrewetcf@pagesperso-orange.fr,Male,181.193.164.87
549,Minerva,Farron,mfarroncg@craigslist.org,Genderqueer,47.168.1.146
550,Vale,Sewell,vsewellch@ca.gov,Male,2.18.97.183
551,Colver,Stockman,cstockmanci@google.es,Male,166.196.229.17
552,Joella,Sweetsur,jsweetsurcj@topsy.com,Female,255.63.207.135
553,Geordie,O' Scallan,goscallanck@skyrock.com,Male,11.68.38.125
554,Lisha,Krahl,lkrahlcl@ted.com,Female,100.164.64.218
555,Lark,Dalziell,ldalziellcm@apple.com,Female,137.32.183.192
556,Marisa,Belsham,mbelshamcn@moonfruit.com,Female,87.203.79.131
557,Agathe,Raye,arayeco@ovh.net,Female,165.210.198.49
558,Jordan,Caldecot,jcaldecotcp@networkadvertising.org,Female,186.207.167.159
559,Rivalee,Limeburner,rlimeburnercq@xrea.com,Female,9.171.151.9
560,Omero,Endley,oendleycr@europa.eu,Male,240.44.221.174
561,Pansie,Domokos,pdomokoscs@businessinsider.com,Agender,20.39.246.75
562,Dennie,Craigmyle,dcraigmylect@weather.com,Female,209.220.237.19
563,Hillard,Cacacie,hcacaciecu@mayoclinic.com,Male,73.174.10.18
564,Amery,Sottell,asottellcv@ning.com,Male,165.67.153.210
565,Jules,Yeiles,jyeilescw@parallels.com,Male,39.252.247.233
566,Prentiss,Liddard,pliddardcx@census.gov,Male,238.127.59.213
567,Nettie,D'Souza,ndsouzacy@topsy.com,Female,252.253.165.111
568,Aguistin,Furney,afurneycz@mozilla.org,Male,179.64.13.216
569,Arturo,Mullany,amullanyd0@aol.com,Male,157.15.202.60
570,Ibrahim,Bartolomieu,ibartolomieud1@weebly.com,Male,230.155.152.131
571,Osbourne,Evequot,oevequotd2@mlb.com,Male,13.217.203.75
572,Dayna,Loud,dloudd3@lulu.com,Female,63.121.181.128
573,Paten,Straine,pstrained4@mtv.com,Male,233.152.7.103
574,Lura,Suddaby,lsuddabyd5@google.es,Female,204.238.30.55
575,Delainey,Rochelle,drochelled6@a8.net,Male,141.60.24.143
576,Bryn,Ogilby,bogilbyd7@java.com,Female,32.202.8.198
577,Drucy,Jeste,djested8@psu.edu,Female,83.234.165.147
578,Oswald,Cloney,ocloneyd9@pen.io,Male,120.119.255.22
579,Bealle,Coldbath,bcoldbathda@icq.com,Male,123.223.238.34
580,Marlo,Luisetti,mluisettidb@moonfruit.com,Female,40.142.60.135
581,Patten,Addekin,paddekindc@wired.com,Male,167.118.50.55
582,Shannon,Leason,sleasondd@wisc.edu,Female,63.157.155.125
583,Andreana,Thibodeaux,athibodeauxde@census.gov,Female,56.19.153.246
584,Catriona,Buttler,cbuttlerdf@studiopress.com,Female,142.48.27.254
585,Lew,Meininger,lmeiningerdg@bbb.org,Male,38.144.62.27
586,Corette,Jervoise,cjervoisedh@etsy.com,Genderfluid,218.88.12.84
587,Brandon,Lachaize,blachaizedi@nytimes.com,Male,161.183.212.240
588,Gery,Flewitt,gflewittdj@bandcamp.com,Male,112.72.122.162
589,Lavinia,Selwin,lselwindk@meetup.com,Female,142.251.226.253
590,Rodolph,Kingdon,rkingdondl@oracle.com,Male,240.23.52.108
591,Sloane,Kimbrey,skimbreydm@opensource.org,Male,119.8.74.164
592,Linea,Ewestace,lewestacedn@unblog.fr,Female,153.46.47.41
593,Yorke,Brashaw,ybrashawdo@com.com,Male,186.61.187.178
594,Maiga,Swannell,mswannelldp@ihg.com,Polygender,29.84.146.216
595,Kalie,Creber,kcreberdq@macromedia.com,Female,63.85.173.81
596,Anthia,Ewens,aewensdr@chronoengine.com,Female,2.30.103.89
597,Beryle,McQuorkel,bmcquorkelds@hugedomains.com,Female,113.14.211.51
598,Fan,Dysart,fdysartdt@twitpic.com,Female,67.50.103.177
599,Hobart,Atkyns,hatkynsdu@indiegogo.com,Male,120.148.92.131
600,Hugues,Cockrill,hcockrilldv@sourceforge.net,Agender,146.214.111.233
601,Derek,Denyukin,ddenyukindw@google.de,Male,67.26.4.55
602,Marty,Beccera,mbecceradx@wufoo.com,Male,104.167.182.126
603,Sandra,Noell,snoelldy@comcast.net,Female,103.202.3.199
604,Ivan,Larroway,ilarrowaydz@qq.com,Male,68.219.164.145
605,Pete,Midden,pmiddene0@irs.gov,Male,243.127.91.179
606,Dorisa,Cotterrill,dcotterrille1@yandex.ru,Female,232.139.184.192
607,Judy,Gaskall,jgaskalle2@clickbank.net,Female,118.32.81.204
608,Malina,Bortoli,mbortolie3@sitemeter.com,Bigender,72.76.62.127
609,Patrizia,Barford,pbarforde4@desdev.cn,Female,15.72.69.139
610,Jdavie,Odney,jodneye5@reuters.com,Male,4.198.2.185
611,Phaedra,Tawse,ptawsee6@nymag.com,Female,151.227.10.219
612,Rafaelia,Nehl,rnehle7@google.pl,Female,2.28.218.31
613,Minnie,Ronaghan,mronaghane8@cnet.com,Female,152.187.163.21
614,Niki,Falkous,nfalkouse9@apache.org,Male,67.21.199.146
615,Lisle,Proske,lproskeea@cbsnews.com,Male,81.33.190.74
616,Emmett,Pulfer,epulfereb@yahoo.co.jp,Male,234.63.88.194
617,Chase,Beadles,cbeadlesec@moonfruit.com,Male,107.210.206.82
618,Benson,McGerr,bmcgerred@stumbleupon.com,Male,233.48.106.46
619,Lorie,Dunsford,ldunsfordee@free.fr,Female,31.222.238.24
620,Pierre,Hinchshaw,phinchshawef@harvard.edu,Bigender,174.85.231.188
621,Evie,Blunsen,eblunseneg@wordpress.com,Female,17.97.243.99
622,Linn,Whanstall,lwhanstalleh@homestead.com,Female,33.10.158.58
623,Shelden,Ellerby,sellerbyei@apple.com,Male,174.169.125.146
624,Noami,Vanderson,nvandersonej@prnewswire.com,Female,135.116.169.141
625,Delia,Avraham,davrahamek@over-blog.com,Female,41.57.202.165
626,Rolph,Snasel,rsnaselel@ucsd.edu,Male,136.165.248.4
627,Leigha,Magovern,lmagovernem@cdbaby.com,Female,244.186.91.72
628,Frances,McCaskill,fmccaskillen@shinystat.com,Female,83.44.223.72
629,Heddie,Penchen,hpencheneo@imageshack.us,Female,191.201.226.136
630,Shell,Heel,sheelep@google.de,Female,75.160.22.222
631,Broddy,Isherwood,bisherwoodeq@oaic.gov.au,Male,2.111.1.229
632,Ced,Berlin,cberliner@networksolutions.com,Male,195.83.186.201
633,Worden,Aidler,waidleres@gnu.org,Male,200.167.139.93
634,Sydel,Dawtry,sdawtryet@de.vu,Female,184.59.196.20
635,Dall,Vinten,dvinteneu@ezinearticles.com,Male,90.200.52.219
636,Lilias,Scorey,lscoreyev@wiley.com,Female,216.118.52.172
637,Jewell,Till,jtillew@prnewswire.com,Female,160.181.196.160
638,Nicky,Grgic,ngrgicex@youtube.com,Female,156.112.229.109
639,Cornelius,Friel,cfrieley@ed.gov,Male,123.204.27.175
640,Shepard,Feaveryear,sfeaveryearez@usa.gov,Agender,177.106.142.220
641,Kippy,O'Scully,koscullyf0@aboutads.info,Female,236.2.181.30
642,Reider,Gammade,rgammadef1@about.me,Agender,92.139.138.131
643,Traver,Chucks,tchucksf2@aboutads.info,Male,83.114.68.6
644,Katharine,Fairchild,kfairchildf3@fotki.com,Female,71.169.193.24
645,George,Mouatt,gmouattf4@qq.com,Male,156.182.21.207
646,Amelie,Duns,adunsf5@netvibes.com,Female,241.253.211.116
647,Bette-ann,Jervoise,bjervoisef6@nydailynews.com,Female,178.83.130.185
648,Onfroi,Favelle,ofavellef7@vinaora.com,Male,101.34.104.224
649,Petronia,Skule,pskulef8@forbes.com,Non-binary,117.121.108.32
650,Thia,Willman,twillmanf9@hc360.com,Female,141.122.22.126
651,Elliott,Berzon,eberzonfa@mapy.cz,Male,202.97.52.105
652,Darrick,Righy,drighyfb@imageshack.us,Male,162.64.50.82
653,Adler,Brough,abroughfc@joomla.org,Non-binary,107.206.36.47
654,Minnnie,Pugh,mpughfd@shutterfly.com,Female,46.18.24.102
655,Sigmund,Bebbell,sbebbellfe@storify.com,Male,171.249.162.46
656,Candida,Brandreth,cbrandrethff@tinyurl.com,Female,58.8.151.20
657,Albrecht,Alves,aalvesfg@youku.com,Male,90.7.27.63
658,Jenifer,Havelin,jhavelinfh@friendfeed.com,Female,91.151.196.187
659,Roxine,Bresson,rbressonfi@weibo.com,Bigender,196.133.118.235
660,Miranda,Dagnall,mdagnallfj@51.la,Female,203.54.30.44
661,Dev,Annable,dannablefk@simplemachines.org,Bigender,143.194.204.130
662,Godart,Brisseau,gbrisseaufl@nationalgeographic.com,Male,42.10.200.100
663,Quintilla,Currie,qcurriefm@pen.io,Female,208.126.109.228
664,Eamon,MacKeever,emackeeverfn@ucla.edu,Male,244.54.218.246
665,Galven,Wodham,gwodhamfo@tripod.com,Male,109.0.215.43
666,Elspeth,Rowbottom,erowbottomfp@edublogs.org,Female,80.26.96.136
667,Leoline,MacGeffen,lmacgeffenfq@indiegogo.com,Female,47.26.4.223
668,Larry,Alston,lalstonfr@stanford.edu,Male,247.196.46.220
669,Granny,Matteau,gmatteaufs@dedecms.com,Male,222.11.74.138
670,Cyndie,Frean,cfreanft@adobe.com,Female,156.33.229.158
671,Almeta,Beacroft,abeacroftfu@businesswire.com,Female,9.242.153.3
672,Ariana,Danhel,adanhelfv@weebly.com,Female,17.246.99.105
673,Imojean,Glassup,iglassupfw@cnbc.com,Female,115.197.225.239
674,Monro,Harry,mharryfx@google.ru,Male,223.180.4.46
675,Hedvig,Seldon,hseldonfy@mapquest.com,Female,38.122.43.129
676,Amalia,Charlton,acharltonfz@digg.com,Female,92.108.58.198
677,Idell,Abele,iabeleg0@google.com,Polygender,196.94.81.196
678,Shelly,Cuseck,scuseckg1@over-blog.com,Female,72.46.45.228
679,Nolana,O'Halligan,nohalligang2@hao123.com,Female,113.19.213.41
680,Hubert,Tofanini,htofaninig3@t-online.de,Male,244.19.114.67
681,Ardyce,Lamborne,alamborneg4@ovh.net,Agender,206.93.26.30
682,Aluin,Gisbourn,agisbourng5@sourceforge.net,Male,201.108.171.229
683,Tami,Eickhoff,teickhoffg6@go.com,Female,32.36.169.118
684,Bertie,Pappin,bpapping7@over-blog.com,Male,50.81.48.246
685,Taber,Gibbings,tgibbingsg8@ustream.tv,Male,203.63.4.47
686,Gideon,Marvel,gmarvelg9@goo.gl,Male,102.103.74.243
687,Bradly,Mariel,bmarielga@google.com.au,Male,243.248.151.211
688,Della,Fidian,dfidiangb@pcworld.com,Female,123.49.67.158
689,Bertha,Bridgewood,bbridgewoodgc@blinklist.com,Female,21.53.192.125
690,Josefina,Doodney,jdoodneygd@army.mil,Female,3.143.141.120
691,Charlena,Stratz,cstratzge@census.gov,Female,50.141.199.141
692,Cindee,Laidlow,claidlowgf@freewebs.com,Female,220.89.216.84
693,Krista,Ashley,kashleygg@hubpages.com,Female,234.170.198.141
694,Liesa,Episcopi,lepiscopigh@wordpress.com,Female,199.65.137.186
695,Lesley,Gerrell,lgerrellgi@friendfeed.com,Male,64.153.139.93
696,Jermayne,Sabates,jsabatesgj@answers.com,Male,46.189.10.228
697,Barbey,Creasey,bcreaseygk@shop-pro.jp,Female,246.85.80.208
698,Loutitia,Authers,lauthersgl@huffingtonpost.com,Female,35.142.138.48
699,Zsa zsa,Ciobutaro,zciobutarogm@furl.net,Female,166.64.166.79
700,Saraann,Merriott,smerriottgn@1688.com,Female,253.29.52.253
701,Ricki,Faichnie,rfaichniego@sfgate.com,Male,134.222.19.240
702,Gerrie,Vowles,gvowlesgp@scientificamerican.com,Female,90.221.105.42
703,Ursa,Aireton,uairetongq@creativecommons.org,Polygender,52.197.22.191
704,Millisent,D'Onise,mdonisegr@yahoo.co.jp,Female,36.5.217.9
705,Wayne,Becconsall,wbecconsallgs@latimes.com,Genderfluid,127.203.4.126
706,Worth,Simonds,wsimondsgt@yellowpages.com,Male,112.214.167.78
707,Philipa,Castle,pcastlegu@wikimedia.org,Female,160.250.141.121
708,Celine,Konmann,ckonmanngv@si.edu,Female,249.205.151.202
709,Gerek,Morson,gmorsongw@cbsnews.com,Male,158.100.76.163
710,Briano,Tatlow,btatlowgx@hao123.com,Male,227.92.195.112
711,Ellsworth,Younger,eyoungergy@alibaba.com,Male,197.196.155.49
712,Padriac,Truckett,ptruckettgz@blogspot.com,Male,174.223.200.165
713,Jacinda,Maving,jmavingh0@bbb.org,Female,29.105.1.229
714,Nikola,Bembrigg,nbembriggh1@hud.gov,Male,221.76.41.93
715,Beltran,Wemm,bwemmh2@webeden.co.uk,Male,45.207.158.198
716,Shep,Whipple,swhippleh3@google.es,Male,92.210.123.73
717,Earl,Bern,ebernh4@paginegialle.it,Male,162.27.170.115
718,Mata,Yve,myveh5@webeden.co.uk,Genderqueer,61.201.29.97
719,Kaylyn,Castletine,kcastletineh6@google.ca,Female,178.166.251.96
720,Yetty,Rosenfarb,yrosenfarbh7@dyndns.org,Female,95.136.90.31
721,Nahum,Fearnside,nfearnsideh8@dyndns.org,Genderqueer,103.85.142.208
722,Eustace,Bottrill,ebottrillh9@jigsy.com,Male,209.209.111.82
723,Jacob,Maruszewski,jmaruszewskiha@hibu.com,Male,164.105.190.10
724,See,Sjollema,ssjollemahb@opera.com,Male,94.49.7.29
725,Lee,Ponceford,lponcefordhc@reuters.com,Female,140.77.180.179
726,Libby,Kleinpeltz,lkleinpeltzhd@merriam-webster.com,Female,247.122.175.253
727,Genovera,Cassin,gcassinhe@ifeng.com,Female,210.73.204.121
728,Moore,Crickett,mcricketthf@sina.com.cn,Polygender,240.137.78.219
729,Teresa,Morrad,tmorradhg@dell.com,Female,76.250.69.241
730,Towney,Valentinetti,tvalentinettihh@smugmug.com,Male,21.214.149.89
731,Stanislaus,Ellcock,sellcockhi@facebook.com,Male,110.93.201.27
732,Yale,Hardacre,yhardacrehj@skyrock.com,Male,170.224.215.50
733,Wandie,Checketts,wcheckettshk@1und1.de,Female,103.188.252.237
734,Allie,Huggons,ahuggonshl@networksolutions.com,Male,166.102.247.124
735,Desi,Garrod,dgarrodhm@accuweather.com,Male,223.31.159.227
736,Ernst,Smale,esmalehn@earthlink.net,Male,207.114.2.230
737,Margette,Soonhouse,msoonhouseho@miitbeian.gov.cn,Female,234.92.222.112
738,Maighdiln,Purviss,mpurvisshp@amazon.co.uk,Female,174.204.170.83
739,Daffie,Kelf,dkelfhq@accuweather.com,Female,16.199.194.19
740,Modestine,Hentzeler,mhentzelerhr@stanford.edu,Female,215.206.94.189
741,Mendie,Severs,msevershs@woothemes.com,Male,58.138.49.128
742,Vinni,Gercken,vgerckenht@geocities.com,Female,231.192.202.6
743,Ilaire,Jouning,ijouninghu@github.com,Male,149.208.189.131
744,Brier,Musk,bmuskhv@wired.com,Female,52.143.89.149
745,Denni,Brister,dbristerhw@icio.us,Female,212.116.198.211
746,Levey,Shaddick,lshaddickhx@squidoo.com,Male,5.200.197.72
747,Thaxter,Burberow,tburberowhy@people.com.cn,Male,98.30.171.206
748,Wynny,Showering,wshoweringhz@dion.ne.jp,Female,106.130.16.125
749,Sarah,Trimme,strimmei0@weather.com,Female,14.109.98.34
750,Rachel,Laughren,rlaughreni1@typepad.com,Female,243.65.147.160
751,Hodge,Lethem,hlethemi2@homestead.com,Male,96.10.25.201
752,Reggie,Godbolt,rgodbolti3@hugedomains.com,Female,43.27.20.24
753,Milty,Choudhury,mchoudhuryi4@quantcast.com,Male,41.81.126.205
754,Frazer,Chadbourn,fchadbourni5@webeden.co.uk,Male,180.132.125.157
755,Jorie,Bedenham,jbedenhami6@netlog.com,Female,67.42.26.16
756,Shane,Swidenbank,sswidenbanki7@loc.gov,Male,218.38.100.198
757,Aylmer,Brummitt,abrummitti8@rakuten.co.jp,Male,168.227.114.74
758,Camila,Bagley,cbagleyi9@people.com.cn,Female,184.211.78.120
759,Dionne,Facer,dfaceria@dion.ne.jp,Female,190.165.131.179
760,Esme,Hanson,ehansonib@fema.gov,Female,31.136.107.179
761,Paul,Mordon,pmordonic@amazon.de,Male,227.85.165.156
762,Jordanna,Adamson,jadamsonid@zimbio.com,Female,189.6.166.152
763,Elianora,Roches,erochesie@yahoo.co.jp,Female,170.174.221.188
764,Dusty,Jakel,djakelif@zdnet.com,Female,131.96.171.251
765,Justis,Bushrod,jbushrodig@wiley.com,Male,166.84.119.241
766,Codi,Cadigan,ccadiganih@clickbank.net,Male,55.183.25.144
767,Uri,Geroldo,ugeroldoii@blog.com,Male,2.5.135.76
768,Bibi,Fleming,bflemingij@sakura.ne.jp,Genderqueer,31.197.115.96
769,Reina,Oakden,roakdenik@smh.com.au,Female,221.230.62.194
770,Timothee,Gwyther,tgwytheril@icq.com,Male,192.141.83.27
771,Blondy,Ebbing,bebbingim@smugmug.com,Female,10.55.165.159
772,Cammy,Hemmingway,chemmingwayin@wufoo.com,Polygender,93.133.152.156
773,Noby,Rosenberg,nrosenbergio@nsw.gov.au,Male,144.227.225.17
774,Delphine,Horburgh,dhorburghip@qq.com,Female,32.51.170.202
775,Fiorenze,Castanone,fcastanoneiq@shinystat.com,Female,27.186.87.77
776,Gael,Robertelli,grobertelliir@princeton.edu,Male,235.150.118.45
777,Stirling,Jeppe,sjeppeis@nasa.gov,Male,201.28.250.48
778,Milty,Gummer,mgummerit@wikia.com,Male,253.126.32.104
779,Nanice,Brosenius,nbroseniusiu@amazon.co.jp,Female,229.156.185.245
780,Sascha,Prew,sprewiv@theatlantic.com,Female,185.75.136.184
781,Gerald,Cordeiro,gcordeiroiw@apple.com,Male,188.53.58.99
782,Giffer,Lockhead,glockheadix@chicagotribune.com,Male,47.80.202.228
783,Felecia,Butte,fbutteiy@imdb.com,Female,8.130.66.92
784,Phedra,Foulser,pfoulseriz@bluehost.com,Female,157.183.75.193
785,Anstice,Boumphrey,aboumphreyj0@time.com,Female,76.102.209.242
786,Jenna,Becerro,jbecerroj1@squarespace.com,Female,237.114.131.27
787,Lemmie,Peaple,lpeaplej2@multiply.com,Male,127.61.15.127
788,Seamus,Pischof,spischofj3@wufoo.com,Male,228.108.1.107
789,Nelia,Minchindon,nminchindonj4@redcross.org,Female,223.43.243.33
790,Devland,Hauxley,dhauxleyj5@quantcast.com,Male,88.1.90.245
791,Irv,Wardell,iwardellj6@list-manage.com,Male,19.43.72.62
792,Marlon,Cullingford,mcullingfordj7@unc.edu,Male,88.247.90.178
793,York,Muzzall,ymuzzallj8@sphinn.com,Male,53.197.80.242
794,Ariel,Doding,adodingj9@ted.com,Male,208.252.4.158
795,Ezekiel,Ambrodi,eambrodija@vistaprint.com,Agender,118.219.140.48
796,Kenneth,Torrance,ktorrancejb@scientificamerican.com,Male,6.229.205.124
797,Thomasin,Gribble,tgribblejc@com.com,Female,2.180.119.132
798,Amalie,Coppin,acoppinjd@nyu.edu,Female,192.136.74.110
799,Miles,Ronisch,mronischje@baidu.com,Male,155.123.63.90
800,Reidar,Coode,rcoodejf@archive.org,Male,197.26.154.148
801,Barclay,Jizhaki,bjizhakijg@friendfeed.com,Male,197.170.236.188
802,Janka,Cops,jcopsjh@toplist.cz,Female,211.196.32.123
803,Blair,Bacon,bbaconji@opensource.org,Female,211.10.199.222
804,Juline,Alyonov,jalyonovjj@cornell.edu,Female,91.187.144.127
805,Lotte,Sprowle,lsprowlejk@issuu.com,Bigender,82.46.0.140
806,Innis,Angood,iangoodjl@ox.ac.uk,Male,135.237.9.212
807,Giavani,Scatcher,gscatcherjm@booking.com,Male,66.31.86.83
808,Daven,Sigsworth,dsigsworthjn@telegraph.co.uk,Male,156.123.165.169
809,Ingmar,Paddie,ipaddiejo@msn.com,Male,9.130.166.90
810,Dixie,Piscopiello,dpiscopiellojp@usgs.gov,Female,200.213.182.138
811,Standford,Halifax,shalifaxjq@bloglines.com,Genderqueer,27.107.32.115
812,Warde,Willerson,wwillersonjr@cisco.com,Male,96.207.96.163
813,Nanette,Barron,nbarronjs@bandcamp.com,Female,227.16.175.152
814,Kari,Daudray,kdaudrayjt@pbs.org,Female,207.180.94.241
815,Cacilie,Beincken,cbeinckenju@icq.com,Female,169.212.19.40
816,Fabian,Learoyde,flearoydejv@telegraph.co.uk,Male,161.239.229.48
817,Deeyn,Fillgate,dfillgatejw@ed.gov,Female,186.17.96.105
818,Skipton,Stigger,sstiggerjx@nytimes.com,Genderqueer,107.204.98.17
819,Thor,Sandlin,tsandlinjy@admin.ch,Male,232.67.101.227
820,Germayne,Perren,gperrenjz@fotki.com,Male,250.82.209.158
821,Arnoldo,Delacour,adelacourk0@arstechnica.com,Non-binary,132.82.54.10
822,Jammal,Culpan,jculpank1@columbia.edu,Male,35.19.86.4
823,Jaymie,Van Castele,jvancastelek2@netscape.com,Male,8.188.221.222
824,Yvor,Krimmer,ykrimmerk3@about.com,Male,121.193.255.17
825,Nickola,Seedman,nseedmank4@hc360.com,Male,236.255.112.165
826,Freddie,Sherville,fshervillek5@mlb.com,Male,245.28.63.114
827,Coretta,Enrico,cenricok6@gov.uk,Female,244.172.142.20
828,Anni,Janssen,ajanssenk7@ftc.gov,Female,38.135.178.211
829,Rem,Shorland,rshorlandk8@shareasale.com,Male,137.106.245.54
830,Mychal,Brinklow,mbrinklowk9@columbia.edu,Male,245.64.32.206
831,Candi,Boxell,cboxellka@bbb.org,Genderqueer,229.138.195.47
832,Isidore,Anglin,ianglinkb@edublogs.org,Male,90.233.41.10
833,Norean,Pactat,npactatkc@noaa.gov,Female,205.223.250.133
834,Keeley,Langrish,klangrishkd@seattletimes.com,Agender,195.63.236.218
835,Dom,Spellar,dspellarke@wikimedia.org,Male,30.3.179.110
836,Valma,Potteril,vpotterilkf@prweb.com,Female,207.147.156.181
837,Caterina,Sorby,csorbykg@homestead.com,Female,242.251.159.35
838,Pall,Albers,palberskh@multiply.com,Male,105.0.89.166
839,Marv,Leblanc,mleblancki@delicious.com,Male,44.74.175.203
840,Windham,Lennie,wlenniekj@usgs.gov,Male,152.247.193.230
841,Ilysa,Huguet,ihuguetkk@virginia.edu,Genderfluid,160.114.232.219
842,Daniel,Normaville,dnormavillekl@ask.com,Male,68.89.150.199
843,Janenna,Glass,jglasskm@mtv.com,Female,136.191.206.95
844,Jethro,Pidwell,jpidwellkn@mapy.cz,Male,168.173.17.109
845,Rosabella,Jacobowicz,rjacobowiczko@bravesites.com,Female,212.246.198.218
846,Nessi,Deener,ndeenerkp@ow.ly,Female,202.118.169.16
847,Rosabel,Worrall,rworrallkq@vkontakte.ru,Female,203.251.134.152
848,Axe,McDougald,amcdougaldkr@ifeng.com,Male,92.119.171.85
849,Lannie,Lawton,llawtonks@latimes.com,Male,74.76.116.3
850,Torey,Learmouth,tlearmouthkt@godaddy.com,Female,142.86.252.121
851,Rennie,Pellman,rpellmanku@exblog.jp,Female,9.145.157.146
852,Abram,Gautrey,agautreykv@timesonline.co.uk,Male,11.219.191.221
853,Glenna,Benoix,gbenoixkw@economist.com,Genderqueer,44.150.243.230
854,Allyn,Farnaby,afarnabykx@microsoft.com,Male,95.23.14.108
855,Todd,Megson,tmegsonky@ask.com,Male,5.187.132.215
856,Conant,Beeke,cbeekekz@shop-pro.jp,Non-binary,180.45.253.118
857,Sallyanne,Bilfoot,sbilfootl0@jigsy.com,Female,1.138.202.175
858,Guntar,Warters,gwartersl1@imdb.com,Male,9.193.240.86
859,Pietro,Hullock,phullockl2@cnbc.com,Male,240.164.128.127
860,Patrica,Rizzetti,prizzettil3@globo.com,Female,11.178.185.163
861,Andonis,Blune,ablunel4@is.gd,Male,238.131.62.120
862,Bernarr,Crayton,bcraytonl5@homestead.com,Polygender,170.24.204.105
863,Sigfrid,Wollacott,swollacottl6@purevolume.com,Polygender,153.177.68.221
864,Eveline,Cullinane,ecullinanel7@prweb.com,Female,227.74.158.157
865,Joscelin,Brachell,jbrachelll8@marriott.com,Female,11.132.66.227
866,Candide,Spuffard,cspuffardl9@goo.gl,Female,60.22.209.125
867,Maressa,Paskin,mpaskinla@blogger.com,Female,173.243.221.99
868,Hilarius,Byart,hbyartlb@t.co,Male,114.182.52.82
869,Matteo,O'Glassane,moglassanelc@histats.com,Male,193.197.127.219
870,Gaspard,Crux,gcruxld@shareasale.com,Male,91.17.58.176
871,Kele,Plowman,kplowmanle@woothemes.com,Male,107.232.62.14
872,Ardella,Grishukov,agrishukovlf@dell.com,Female,160.2.199.253
873,Vic,Rheubottom,vrheubottomlg@fda.gov,Male,25.174.51.9
874,Desiree,Glennon,dglennonlh@dyndns.org,Female,158.162.39.68
875,Darda,Jursch,djurschli@imdb.com,Female,2.231.11.242
876,Derrik,Smoth,dsmothlj@jiathis.com,Male,102.221.158.12
877,Gualterio,Klimas,gklimaslk@zdnet.com,Male,27.237.220.2
878,Marita,Rothert,mrothertll@hostgator.com,Female,93.233.222.130
879,Felix,Portchmouth,fportchmouthlm@qq.com,Male,76.254.156.207
880,Ailey,Crayden,acraydenln@theglobeandmail.com,Female,80.150.70.85
881,Essie,Bantham,ebanthamlo@bravesites.com,Female,191.46.78.66
882,Roosevelt,Collison,rcollisonlp@goodreads.com,Male,60.151.122.142
883,Lorry,Benne,lbennelq@dailymail.co.uk,Male,63.207.158.110
884,Timothee,Force,tforcelr@meetup.com,Male,166.6.31.161
885,Cecil,Wiszniewski,cwiszniewskils@google.co.jp,Male,197.149.164.138
886,Emili,Fletcher,efletcherlt@umn.edu,Female,41.163.219.143
887,Pearline,McGhee,pmcgheelu@google.it,Female,144.230.152.63
888,Eliza,Quartermaine,equartermainelv@bluehost.com,Female,132.192.223.251
889,Marrissa,Sallter,msallterlw@bbc.co.uk,Female,125.122.81.87
890,Michaeline,Mease,mmeaselx@godaddy.com,Female,150.135.66.123
891,Carol-jean,Fenix,cfenixly@slashdot.org,Female,180.58.232.176
892,Boyd,McCambrois,bmccambroislz@census.gov,Male,148.225.162.6
893,Dulcie,Lightbown,dlightbownm0@devhub.com,Female,39.125.198.206
894,Arleyne,Needham,aneedhamm1@exblog.jp,Female,197.140.252.187
895,Shae,Noden,snodenm2@nhs.uk,Female,188.250.164.249
896,Oliy,McLaughlin,omclaughlinm3@oaic.gov.au,Female,250.0.108.1
897,Olive,Lardeux,olardeuxm4@nationalgeographic.com,Female,26.219.1.17
898,Ana,Itzkovitch,aitzkovitchm5@wikispaces.com,Female,14.158.248.32
899,Demetra,Dwight,ddwightm6@mashable.com,Female,209.95.39.154
900,Alberta,Poppleston,apopplestonm7@answers.com,Female,155.249.62.143
901,Bartholomew,Tolomio,btolomiom8@cpanel.net,Genderfluid,25.26.78.150
902,Lona,Limpenny,llimpennym9@harvard.edu,Female,19.255.196.23
903,Catherina,Innerstone,cinnerstonema@ox.ac.uk,Female,9.7.147.56
904,Keenan,Collibear,kcollibearmb@sina.com.cn,Male,129.158.75.39
905,Isabeau,Poxton,ipoxtonmc@networksolutions.com,Female,26.183.85.2
906,Teddie,Woodburne,twoodburnemd@wordpress.com,Male,8.222.84.124
907,Larisa,Ryder,lryderme@baidu.com,Bigender,0.208.184.59
908,Charmion,Andrich,candrichmf@guardian.co.uk,Female,133.173.204.22
909,Graham,Mosen,gmosenmg@soundcloud.com,Male,188.81.42.113
910,Mae,Schroder,mschrodermh@unicef.org,Female,139.62.62.51
911,Elisha,Rawlence,erawlencemi@netvibes.com,Male,9.208.126.170
912,Malachi,Rexworthy,mrexworthymj@mediafire.com,Male,230.55.226.196
913,Manny,Poulston,mpoulstonmk@vkontakte.ru,Male,230.252.254.201
914,Jesse,Bicker,jbickerml@vkontakte.ru,Female,194.181.48.228
915,Vite,Dollimore,vdollimoremm@ustream.tv,Male,43.117.36.245
916,Vanni,Cathrall,vcathrallmn@whitehouse.gov,Female,144.50.45.135
917,Giustina,Horrod,ghorrodmo@alexa.com,Female,166.61.32.243
918,Jabez,Carder,jcardermp@macromedia.com,Male,164.32.79.145
919,Bertine,Halford,bhalfordmq@bandcamp.com,Female,7.73.118.104
920,Reynold,Sleigh,rsleighmr@linkedin.com,Male,232.196.28.253
921,Akim,Hailwood,ahailwoodms@networksolutions.com,Male,153.36.221.66
922,Mariette,Hoodspeth,mhoodspethmt@dailymotion.com,Agender,52.243.13.44
923,Jason,Chasemoore,jchasemooremu@army.mil,Male,2.112.11.188
924,Natty,Habberjam,nhabberjammv@dion.ne.jp,Male,214.199.170.31
925,Eloise,Hagger,ehaggermw@feedburner.com,Female,57.126.71.205
926,Marissa,Spriggs,mspriggsmx@tinyurl.com,Polygender,90.239.67.56
927,Chance,Sparsholt,csparsholtmy@cbc.ca,Male,58.100.79.155
928,Artemas,Crannage,acrannagemz@51.la,Male,12.201.243.210
929,Chryste,Roseborough,croseboroughn0@wp.com,Female,123.39.132.43
930,Penni,Courtois,pcourtoisn1@ftc.gov,Female,15.55.186.148
931,Jania,Thrush,jthrushn2@vistaprint.com,Female,90.237.216.102
932,Odella,Cobon,ocobonn3@prnewswire.com,Female,16.180.120.90
933,Tallia,Mowson,tmowsonn4@example.com,Bigender,208.235.30.248
934,Maryanne,Flye,mflyen5@psu.edu,Female,162.255.181.109
935,Rosabella,Waleran,rwalerann6@cdc.gov,Female,134.89.203.101
936,Nata,Longland,nlonglandn7@soundcloud.com,Female,97.40.249.158
937,Bail,Glassman,bglassmann8@netlog.com,Bigender,207.203.14.33
938,Tallulah,Cotesford,tcotesfordn9@sogou.com,Female,0.105.65.133
939,Madeline,Dawtrey,mdawtreyna@ifeng.com,Female,94.75.234.131
940,Karolina,Okenden,kokendennb@newyorker.com,Female,214.130.197.199
941,Rodrigo,Lowerson,rlowersonnc@java.com,Male,170.125.191.88
942,Ninon,Sumshon,nsumshonnd@sohu.com,Female,226.88.73.131
943,Gifford,Grumell,ggrumellne@live.com,Male,245.19.179.254
944,Lexis,Bondar,lbondarnf@china.com.cn,Female,229.101.239.191
945,Eddy,Pladen,epladenng@huffingtonpost.com,Male,85.143.54.94
946,Randie,Troutbeck,rtroutbecknh@dmoz.org,Female,29.4.252.249
947,Daven,Varvara,dvarvarani@wufoo.com,Male,4.240.98.182
948,Mikaela,Bulger,mbulgernj@4shared.com,Female,114.144.215.254
949,Daloris,Culley,dculleynk@squarespace.com,Female,105.216.128.126
950,Dyanne,Crosham,dcroshamnl@harvard.edu,Female,234.157.30.35
951,Brady,Cosans,bcosansnm@geocities.com,Male,224.192.226.247
952,Sandy,Packington,spackingtonnn@imageshack.us,Male,49.218.113.163
953,Francis,Yoell,fyoellno@xinhuanet.com,Male,120.100.251.236
954,Redford,East,reastnp@upenn.edu,Male,28.40.33.177
955,Stillman,Pencost,spencostnq@creativecommons.org,Male,88.31.98.71
956,Miles,Hassey,mhasseynr@weebly.com,Male,20.240.99.184
957,Rea,Braycotton,rbraycottonns@mediafire.com,Female,241.7.133.84
958,Lisetta,Parry,lparrynt@imageshack.us,Female,219.157.10.84
959,Sidonia,Yankeev,syankeevnu@businesswire.com,Female,68.139.160.166
960,Rab,Tiebe,rtiebenv@elegantthemes.com,Bigender,106.114.143.14
961,Annemarie,Geekie,ageekienw@edublogs.org,Female,196.228.23.88
962,Dell,McReath,dmcreathnx@vkontakte.ru,Male,30.103.251.247
963,Bridget,Halifax,bhalifaxny@livejournal.com,Female,101.188.169.99
964,Wash,Mc Caghan,wmccaghannz@drupal.org,Male,183.39.41.236
965,Maurice,Yakushkin,myakushkino0@redcross.org,Male,245.83.70.36
966,Heall,Tipling,htiplingo1@alibaba.com,Male,133.222.240.173
967,Winnie,Cranson,wcransono2@gravatar.com,Bigender,86.168.43.121
968,Kristofor,Broster,kbrostero3@uiuc.edu,Male,171.153.195.73
969,Mirelle,Lindenblatt,mlindenblatto4@google.co.jp,Bigender,206.237.216.85
970,Cary,Melbert,cmelberto5@aol.com,Male,14.89.77.58
971,Neron,Asey,naseyo6@domainmarket.com,Male,26.93.37.172
972,Adriano,Enrico,aenricoo7@stumbleupon.com,Male,98.245.164.152
973,Boony,McArdell,bmcardello8@wikipedia.org,Male,117.203.190.167
974,Helaina,Mc Kellen,hmckelleno9@google.it,Genderfluid,18.230.84.1
975,Fanny,Colleford,fcollefordoa@joomla.org,Female,232.60.35.236
976,Adam,Jermyn,ajermynob@4shared.com,Male,190.186.198.194
977,Norby,Bearcock,nbearcockoc@businessweek.com,Male,56.6.255.97
978,Emery,Gurner,egurnerod@prlog.org,Male,167.227.4.230
979,Martainn,Cowperthwaite,mcowperthwaiteoe@edublogs.org,Male,14.185.201.72
980,Korie,Headland,kheadlandof@macromedia.com,Female,24.110.136.48
981,Jethro,Minichi,jminichiog@hhs.gov,Male,17.165.9.237
982,Sayers,Endon,sendonoh@t-online.de,Male,80.76.113.117
983,Edik,Vigars,evigarsoi@tumblr.com,Genderfluid,224.243.121.191
984,Paola,Lakeman,plakemanoj@techcrunch.com,Genderfluid,209.179.30.54
985,Wendie,Kingsman,wkingsmanok@barnesandnoble.com,Female,182.98.143.202
986,Emlen,Jablonski,ejablonskiol@cbc.ca,Male,147.98.3.31
987,Bamby,Rowat,browatom@tiny.cc,Genderqueer,23.139.116.231
988,Crosby,Eaton,ceatonon@bing.com,Male,66.120.157.112
989,Sigvard,Howden,showdenoo@bandcamp.com,Male,122.195.244.18
990,Tyrus,Ricciardiello,tricciardielloop@discovery.com,Male,237.179.54.148
991,Vivie,Thome,vthomeoq@dropbox.com,Female,215.175.69.62
992,Chantal,Marunchak,cmarunchakor@slashdot.org,Female,26.117.152.48
993,Codie,Rollo,crolloos@cpanel.net,Male,100.186.14.109
994,Elwira,Mounfield,emounfieldot@kickstarter.com,Female,233.243.76.190
995,Sanders,Hatherleigh,shatherleighou@simplemachines.org,Male,135.42.80.43
996,Emanuele,Zywicki,ezywickiov@usda.gov,Non-binary,58.215.67.198
997,Waldo,Peyes,wpeyesow@pen.io,Male,45.135.170.91
998,Myer,Plet,mpletox@last.fm,Male,148.38.48.154
999,Frank,Bambra,fbambraoy@arizona.edu,Male,133.210.83.83
1000,Menard,Carne,mcarneoz@usa.gov,Male,15.214.106.159
1001,Alecia,Sawden,asawdenp0@trellian.com,Female,194.1.164.126
1002,Sherry,Greenley,sgreenleyp1@abc.net.au,Female,132.139.51.11
1003,Sylvester,Birwhistle,sbirwhistlep2@yolasite.com,Agender,168.25.236.167
1004,Misti,Curuclis,mcuruclisp3@prlog.org,Female,186.25.1.6
1005,Renado,Tresvina,rtresvinap4@irs.gov,Male,92.59.146.154
1006,Nils,Bruhke,nbruhkep5@wufoo.com,Male,60.177.31.111
1007,Shirley,Crosen,scrosenp6@dot.gov,Female,180.16.136.6
1008,Forster,Whoston,fwhostonp7@4shared.com,Male,139.108.120.31
1009,Victoir,Featenby,vfeatenbyp8@de.vu,Male,207.99.125.234
1010,Annamaria,Cornborough,acornboroughp9@rambler.ru,Female,20.37.212.14
1011,Leonora,Banbrook,lbanbrookpa@behance.net,Agender,253.225.52.58
1012,Eve,Assandri,eassandripb@amazon.co.jp,Female,162.45.197.182
1013,Hendrick,Clarson,hclarsonpc@bloomberg.com,Male,119.102.208.126
1014,Junia,Evett,jevettpd@arizona.edu,Female,37.183.119.216
1015,Neille,Whitehair,nwhitehairpe@jimdo.com,Female,130.122.90.108
1016,Celle,Terran,cterranpf@jalbum.net,Polygender,92.26.201.166
1017,Horton,Braunstein,hbraunsteinpg@sciencedaily.com,Male,29.29.234.33
1018,Nata,Climer,nclimerph@abc.net.au,Female,170.118.76.248
1019,Tedi,Braker,tbrakerpi@facebook.com,Female,123.232.7.179
1020,Gauthier,Fearnley,gfearnleypj@yandex.ru,Agender,59.145.147.153
1021,Jeanna,Dot,jdotpk@google.nl,Female,130.26.203.203
1022,Calley,Dumbare,cdumbarepl@tmall.com,Female,114.183.135.187
1023,Shellysheldon,Tambling,stamblingpm@facebook.com,Non-binary,189.29.14.16
1024,Hayes,Matantsev,hmatantsevpn@google.es,Male,203.83.216.163
1025,Benedetto,Yukhov,byukhovpo@parallels.com,Bigender,217.229.137.229
1026,Hymie,Growcott,hgrowcottpp@indiegogo.com,Male,230.178.115.245
1027,Coleen,Cordner,ccordnerpq@mac.com,Female,173.8.91.121
1028,Frasquito,Draco,fdracopr@google.cn,Male,67.108.187.219
1029,Valaree,Aspden,vaspdenps@typepad.com,Female,236.252.60.5
1030,Dannel,Wivell,dwivellpt@discuz.net,Male,138.58.233.126
1031,Petr,Bradick,pbradickpu@fastcompany.com,Male,207.61.208.110
1032,Aime,Petroselli,apetrosellipv@mozilla.org,Polygender,18.88.45.70
1033,Salomi,Phear,sphearpw@hhs.gov,Female,239.154.246.154
1034,Cherry,D'Souza,cdsouzapx@slashdot.org,Female,11.153.253.172
1035,Delmor,Jocic,djocicpy@netlog.com,Non-binary,157.70.45.253
1036,Rona,Benoy,rbenoypz@goodreads.com,Female,217.176.204.198
1037,Druci,Wehden,dwehdenq0@omniture.com,Female,64.103.209.156
1038,Benjy,Pratte,bpratteq1@netscape.com,Male,164.143.29.123
1039,Hestia,Ivers,hiversq2@ocn.ne.jp,Female,68.40.10.181
1040,Reginald,Blaske,rblaskeq3@sphinn.com,Male,3.77.36.34
1041,Blythe,Hounihan,bhounihanq4@feedburner.com,Female,23.80.60.164
1042,Tyler,Novotna,tnovotnaq5@cpanel.net,Male,59.232.48.220
1043,Enriqueta,Manjin,emanjinq6@nsw.gov.au,Female,102.101.222.21
1044,Viva,Haggart,vhaggartq7@techcrunch.com,Female,87.123.139.57
1045,Stacee,Lightoller,slightollerq8@harvard.edu,Female,51.149.98.125
1046,Lemar,O'Suaird,losuairdq9@msn.com,Male,101.160.250.201
1047,Dita,Hayhow,dhayhowqa@zimbio.com,Female,66.235.15.253
1048,Alysa,Mayor,amayorqb@cloudflare.com,Non-binary,224.79.197.130
1049,Orazio,Di Pietro,odipietroqc@examiner.com,Male,61.41.196.92
1050,Conny,Westoll,cwestollqd@nyu.edu,Male,123.83.78.38
1051,Cy,Chrichton,cchrichtonqe@wiley.com,Male,91.205.121.107
1052,Lilla,Mundford,lmundfordqf@ucla.edu,Female,200.91.111.18
1053,Budd,Blissett,bblissettqg@narod.ru,Genderqueer,116.39.253.59
1054,Godart,Fulger,gfulgerqh@elpais.com,Male,191.55.187.11
1055,Kile,Weildish,kweildishqi@ox.ac.uk,Male,203.40.242.223
1056,Siana,Giacubbo,sgiacubboqj@g.co,Female,132.27.36.203
1057,Thorin,Riby,tribyqk@marketwatch.com,Male,203.229.64.132
1058,Angelo,Foulcher,afoulcherql@toplist.cz,Male,139.160.6.169
1059,Major,Lowthorpe,mlowthorpeqm@twitter.com,Male,198.17.134.198
1060,Emmalynn,MacAnelley,emacanelleyqn@tamu.edu,Female,213.150.40.148
1061,Jenn,Lillegard,jlillegardqo@hud.gov,Agender,120.196.136.50
1062,Bert,Trayton,btraytonqp@over-blog.com,Female,178.6.184.26
1063,Carena,Habbershon,chabbershonqq@adobe.com,Female,40.170.86.232
1064,Humphrey,O'Leahy,holeahyqr@elegantthemes.com,Male,11.88.123.100
1065,Gardie,Testro,gtestroqs@constantcontact.com,Male,175.83.199.108
1066,Kelbee,Sivier,ksivierqt@webmd.com,Male,121.98.42.104
1067,Gail,Minithorpe,gminithorpequ@toplist.cz,Male,226.225.156.184
1068,Carny,Pochet,cpochetqv@state.tx.us,Male,30.150.63.56
1069,Evie,Kindleysides,ekindleysidesqw@shareasale.com,Female,133.178.179.31
1070,Mitchell,Hearsum,mhearsumqx@illinois.edu,Male,103.94.171.139
1071,Darbee,Crinion,dcrinionqy@wix.com,Genderfluid,128.173.79.64
1072,Fania,Gabbitas,fgabbitasqz@jugem.jp,Female,35.177.165.68
1073,Elton,Sneller,esnellerr0@samsung.com,Male,86.124.138.33
1074,Cynthy,Wigg,cwiggr1@dailymotion.com,Female,128.153.121.146
1075,Sibylle,Prover,sproverr2@elegantthemes.com,Female,44.101.50.3
1076,Nikola,Tilston,ntilstonr3@list-manage.com,Male,141.152.151.172
1077,Percy,Langwade,plangwader4@delicious.com,Male,233.25.253.41
1078,Garfield,Dumphrey,gdumphreyr5@time.com,Male,113.62.246.237
1079,Vivienne,Danit,vdanitr6@ifeng.com,Female,53.14.123.252
1080,Alix,Nielson,anielsonr7@umich.edu,Male,130.202.250.118
1081,Kelci,Coston,kcostonr8@spiegel.de,Female,59.77.163.137
1082,Jenilee,Bayne,jbayner9@google.ru,Female,134.212.46.111
1083,Calla,Lief,cliefra@sfgate.com,Female,119.60.149.218
1084,Roxine,Ragless,rraglessrb@nba.com,Female,150.234.206.22
1085,Chic,Clipson,cclipsonrc@usatoday.com,Agender,123.16.169.245
1086,Jannelle,Redwing,jredwingrd@smugmug.com,Female,124.28.252.122
1087,Liesa,Matresse,lmatressere@edublogs.org,Female,59.62.105.174
1088,Augie,Layzell,alayzellrf@reference.com,Male,120.234.147.88
1089,Frances,Jagg,fjaggrg@umn.edu,Agender,30.139.177.172
1090,Rube,Ablitt,rablittrh@surveymonkey.com,Male,36.228.241.200
1091,Abbe,Buddleigh,abuddleighri@npr.org,Male,16.161.88.102
1092,Christoforo,Powter,cpowterrj@mtv.com,Male,135.232.95.90
1093,Cori,Presshaugh,cpresshaughrk@chicagotribune.com,Male,187.110.149.83
1094,Isabeau,Dublin,idublinrl@netlog.com,Female,54.210.123.96
1095,Dee dee,Kenn,dkennrm@studiopress.com,Female,90.148.104.200
1096,Steward,Sinnocke,ssinnockern@reference.com,Male,253.149.6.165
1097,Carlita,Cawthron,ccawthronro@dagondesign.com,Female,26.172.84.58
1098,Perice,Cockaday,pcockadayrp@baidu.com,Male,111.52.234.252
1099,Bobina,Clemendot,bclemendotrq@wunderground.com,Female,75.76.199.56
1100,Alessandro,Heeran,aheeranrr@mail.ru,Male,146.106.78.31
