1101,Wye,Abramino,wabramino0@google.com.au,Male,155.251.37.56
1102,Gwenore,Sobczak,gsobczak1@rakuten.co.jp,Female,201.249.158.219
1103,Gaspar,Joscelyn,gjoscelyn2@yellowbook.com,Male,233.103.51.140
1104,Langston,Giametti,lgiametti3@fema.gov,Male,137.97.204.101
1105,Jeniffer,Newis,jnewis4@gizmodo.com,Female,92.75.134.201
1106,Nanni,O'Lenane,nolenane5@posterous.com,Female,217.52.220.95
1107,Malvin,Kimbly,mkimbly6@loc.gov,Male,112.124.212.107
1108,Hilde,Verick,hverick7@huffingtonpost.com,Female,101.16.20.231
1109,Manolo,Gladwish,mgladwish8@dedecms.com,Male,155.164.169.162
1110,Hannis,Lewendon,hlewendon9@google.co.uk,Bigender,121.159.220.162
1111,Bethina,Chalcroft,bchalcrofta@hc360.com,Female,162.239.177.96
1112,Lenora,Simcox,lsimcoxb@typepad.com,Female,187.56.114.38
1113,Michal,Mechic,mmechicc@wsj.com,Male,60.85.14.67
1114,Annalise,MacPharlain,amacpharlaind@earthlink.net,Female,233.139.223.217
1115,Darelle,O'Logan,dologane@pagesperso-orange.fr,Female,212.195.90.148
1116,Ugo,Bierling,ubierlingf@privacy.gov.au,Genderqueer,64.230.188.190
1117,Millard,Collington,mcollingtong@sfgate.com,Male,84.66.210.199
1118,Rozalie,Cosson,rcossonh@tripod.com,Female,184.6.45.129
1119,Delano,Purkis,dpurkisi@drupal.org,Genderfluid,78.79.15.4
1120,Vannie,Barten,vbartenj@sfgate.com,Female,22.146.242.82
1121,Selia,Mattiello,smattiellok@hugedomains.com,Female,4.110.14.233
1122,Felicio,Dimitrijevic,fdimitrijevicl@shinystat.com,Male,240.196.140.97
1123,Court,Wiles,cwilesm@ed.gov,Male,162.60.16.234
1124,Minnie,Onge,mongen@de.vu,Female,215.195.44.203
1125,Jolyn,Connick,jconnicko@vistaprint.com,Female,225.222.50.241
1126,Hannis,Moorhouse,hmoorhousep@tripadvisor.com,Agender,36.129.62.125
1127,Ezequiel,Stockbridge,estockbridgeq@canalblog.com,Male,245.100.170.231
1128,Hymie,Olek,holekr@indiatimes.com,Male,115.30.120.40
1129,Tybie,Aloshikin,taloshikins@mac.com,Female,113.29.86.78
1130,Dori,Shemwell,dshemwellt@ox.ac.uk,Female,61.250.34.109
1131,Saxon,Peat,speatu@flickr.com,Non-binary,226.85.133.14
1132,Nessy,Pickervance,npickervancev@mac.com,Female,90.84.53.63
1133,Maximo,Bruneau,mbruneauw@blog.com,Male,229.126.138.140
1134,Ruthe,Shimwell,rshimwellx@smh.com.au,Genderqueer,0.2.92.218
1135,Maddy,Sheraton,msheratony@last.fm,Male,84.224.126.206
1136,Garry,Bergeau,gbergeauz@ocn.ne.jp,Male,193.211.115.163
1137,Meredithe,Capp,mcapp10@ed.gov,Female,45.26.18.140
1138,Chelsey,Le Marquand,clemarquand11@theglobeandmail.com,Female,65.243.3.193
1139,Dacey,Maciaszczyk,dmaciaszczyk12@reddit.com,Female,115.164.141.2
1140,Abigale,Mooney,amooney13@forbes.com,Female,53.73.165.222
1141,Elvyn,Lindman,elindman14@nydailynews.com,Male,26.187.3.111
1142,Lyle,Marshal,lmarshal15@cbslocal.com,Male,103.199.186.122
1143,Gretel,Loughan,gloughan16@irs.gov,Female,101.156.229.196
1144,Tania,Buckney,tbuckney17@house.gov,Female,58.181.5.86
1145,Conchita,Lathleiffure,clathleiffure18@ebay.co.uk,Female,1.22.213.172
1146,Jillian,Jayume,jjayume19@hatena.ne.jp,Female,58.116.176.75
1147,Dewie,Zylberdik,dzylberdik1a@unc.edu,Non-binary,136.163.75.224
1148,Thom,MacCurley,tmaccurley1b@globo.com,Genderqueer,166.155.10.212
1149,Aldis,Grabham,agrabham1c@newyorker.com,Male,42.47.43.45
1150,Sydney,MacManus,smacmanus1d@accuweather.com,Female,223.192.74.188
1151,Brande,Sheasby,bsheasby1e@skyrock.com,Female,223.133.190.165
1152,Prentice,Cerie,pcerie1f@google.nl,Male,194.86.211.35
1153,Chadwick,Lethibridge,clethibridge1g@mtv.com,Male,196.224.222.238
1154,Matthiew,Gillino,mgillino1h@paypal.com,Male,124.205.196.252
1155,Jeremie,Tyrie,jtyrie1i@cbsnews.com,Male,149.233.233.60
1156,Stormi,Seel,sseel1j@privacy.gov.au,Polygender,29.206.68.202
1157,Bev,Maffy,bmaffy1k@utexas.edu,Female,71.63.139.127
1158,Nell,Crannis,ncrannis1l@yellowpages.com,Female,95.19.13.219
1159,Osbourne,Eyer,oeyer1m@google.fr,Bigender,190.61.160.232
1160,Vale,Bulger,vbulger1n@unc.edu,Male,166.246.23.3
1161,Jeffy,Whiley,jwhiley1o@yahoo.com,Male,3.24.173.50
1162,Sarina,Alway,salway1p@ft.com,Female,150.208.127.9
1163,Friedrick,Maytom,fmaytom1q@cisco.com,Agender,166.168.180.15
1164,Zorina,Rohfsen,zrohfsen1r@huffingtonpost.com,Female,131.247.187.153
1165,Ora,Jarrelt,ojarrelt1s@hugedomains.com,Female,181.248.52.158
1166,Avery,Odgers,aodgers1t@liveinternet.ru,Male,6.3.218.202
1167,Zara,Freathy,zfreathy1u@nytimes.com,Female,200.147.193.121
1168,Hube,Di Frisco,hdifrisco1v@time.com,Male,24.70.154.159
1169,Nat,Dietz,ndietz1w@behance.net,Female,251.11.153.163
1170,Karlee,Orkney,korkney1x@craigslist.org,Female,46.41.99.216
1171,Griz,Simmers,gsimmers1y@google.com,Male,238.120.112.49
1172,Gauthier,Alexsandrov,galexsandrov1z@studiopress.com,Male,240.132.45.32
1173,Cort,Duggen,cduggen20@example.com,Male,151.102.206.0
1174,Agnola,Thorbon,athorbon21@cafepress.com,Female,180.116.26.187
1175,Georas,Cavendish,gcavendish22@baidu.com,Male,185.55.44.0
1176,Jerrylee,MacKenny,jmackenny23@bloomberg.com,Non-binary,54.80.200.7
1177,Ellsworth,Jaqueminet,ejaqueminet24@utexas.edu,Male,255.41.145.92
1178,Helenelizabeth,Stock,hstock25@myspace.com,Female,196.33.237.44
1179,Toma,Chevolleau,tchevolleau26@cbslocal.com,Female,228.198.108.215
1180,Aindrea,Grassick,agrassick27@reuters.com,Female,45.154.14.142
1181,Rubin,Finlan,rfinlan28@symantec.com,Male,151.66.25.217
1182,Amitie,Blabie,ablabie29@godaddy.com,Female,180.119.126.126
1183,Lorri,Dismore,ldismore2a@amazon.co.jp,Female,177.69.33.121
1184,Tyrone,Wartonby,twartonby2b@admin.ch,Male,26.7.248.38
1185,Saree,Bamborough,sbamborough2c@wikipedia.org,Female,30.235.31.131
1186,Ronny,Lillywhite,rlillywhite2d@prlog.org,Male,38.225.255.195
1187,Lorri,Lowsely,llowsely2e@house.gov,Polygender,90.154.193.221
1188,Brunhilda,Colombier,bcolombier2f@infoseek.co.jp,Female,64.249.220.59
1189,Guendolen,Whistance,gwhistance2g@archive.org,Female,161.81.206.47
1190,Nealy,Quinnelly,nquinnelly2h@nasa.gov,Male,81.36.249.249
1191,Enos,Cumo,ecumo2i@hud.gov,Male,166.21.186.7
1192,Ara,Revell,arevell2j@cbslocal.com,Male,58.124.98.244
1193,Drucill,Synan,dsynan2k@ovh.net,Female,93.203.82.177
1194,Brigitte,Chene,bchene2l@fc2.com,Female,156.1.80.236
1195,Egan,Durrans,edurrans2m@chicagotribune.com,Male,87.47.245.120
1196,Levin,Sarfas,lsarfas2n@cocolog-nifty.com,Male,200.181.134.147
1197,Lanie,Cridlin,lcridlin2o@time.com,Male,237.238.0.61
1198,Cosette,Feldheim,cfeldheim2p@gov.uk,Female,168.55.128.145
1199,Ryan,Champagne,rchampagne2q@delicious.com,Male,117.13.204.253
1200,Delaney,Dalbey,ddalbey2r@topsy.com,Male,23.16.105.18
1201,Orrin,Petricek,opetricek2s@prnewswire.com,Male,234.126.81.182
1202,Carmelia,Dalzell,cdalzell2t@ebay.co.uk,Female,166.1.185.120
1203,Johnny,O'Donnelly,jodonnelly2u@issuu.com,Male,123.226.68.71
1204,Camile,Ferminger,cferminger2v@cbc.ca,Female,131.163.244.110
1205,Junina,Waulker,jwaulker2w@unicef.org,Female,251.70.121.96
1206,Madelyn,Book,mbook2x@statcounter.com,Female,192.90.18.173
1207,Josiah,Jeavon,jjeavon2y@theatlantic.com,Male,31.171.71.86
1208,Coleen,Posselwhite,cposselwhite2z@google.ca,Female,51.182.73.78
1209,Blaine,Crooks,bcrooks30@merriam-webster.com,Male,108.118.222.192
1210,Wernher,O'Breen,wobreen31@sohu.com,Male,4.112.194.38
1211,Winna,Percy,wpercy32@wufoo.com,Female,128.145.193.95
1212,Opalina,Povey,opovey33@exblog.jp,Female,190.111.253.163
1213,Taddeo,Mabson,tmabson34@imdb.com,Male,230.31.93.1
1214,Kylila,Zanni,kzanni35@amazon.com,Female,96.131.99.28
1215,Rahal,McEnhill,rmcenhill36@nymag.com,Female,152.187.109.200
1216,Julius,Dando,jdando37@flickr.com,Male,160.201.89.151
1217,Lura,Irdale,lirdale38@gnu.org,Female,176.41.229.148
1218,Tobi,Lumby,tlumby39@china.com.cn,Female,240.120.193.77
1219,Veda,Tuffell,vtuffell3a@github.io,Female,5.37.37.94
1220,Zollie,Cocher,zcocher3b@wunderground.com,Male,214.91.250.206
1221,Donnie,Reis,dreis3c@canalblog.com,Non-binary,217.163.213.239
1222,Raul,Faircliff,rfaircliff3d@state.gov,Genderqueer,69.17.79.77
1223,Sandie,Pook,spook3e@slate.com,Female,205.230.154.67
1224,Ajay,Everit,aeverit3f@prnewswire.com,Female,75.201.171.173
1225,Beale,Digg,bdigg3g@cdc.gov,Male,26.168.243.173
1226,Jemimah,Deller,jdeller3h@devhub.com,Female,93.19.194.159
1227,Gard,Fairchild,gfairchild3i@barnesandnoble.com,Male,86.174.25.60
1228,Christie,Dyball,cdyball3j@theguardian.com,Male,119.239.134.113
1229,Rufe,Cliss,rcliss3k@vinaora.com,Male,32.104.194.141
1230,Hashim,Fewlass,hfewlass3l@ed.gov,Male,44.62.40.107
1231,Guillermo,Caskey,gcaskey3m@blog.com,Male,154.143.89.98
1232,Whittaker,Peltzer,wpeltzer3n@merriam-webster.com,Agender,63.218.207.101
1233,Jozef,Rabjohns,jrabjohns3o@cbslocal.com,Male,177.19.162.73
1234,Stephine,Brent,sbrent3p@w3.org,Female,238.47.77.156
1235,Cozmo,Skacel,cskacel3q@barnesandnoble.com,Male,224.127.142.231
1236,Wilhelm,Schuchmacher,wschuchmacher3r@de.vu,Male,8.197.93.64
1237,Abbye,Tookey,atookey3s@omniture.com,Female,114.86.75.64
1238,Wilburt,Blenkinsopp,wblenkinsopp3t@cdc.gov,Male,166.9.128.234
1239,Andonis,Carah,acarah3u@businessweek.com,Male,78.162.189.132
1240,Glenn,Della,gdella3v@census.gov,Female,100.43.49.207
1241,Rafe,Phette,rphette3w@purevolume.com,Genderfluid,69.35.119.175
1242,Hobie,Scrimshire,hscrimshire3x@mashable.com,Male,224.23.159.51
1243,Gillian,Spurling,gspurling3y@earthlink.net,Female,173.191.15.73
1244,Wernher,McDaid,wmcdaid3z@globo.com,Male,135.96.179.144
1245,Christos,Goligher,cgoligher40@prweb.com,Male,149.74.59.178
1246,Regen,Wrenn,rwrenn41@oaic.gov.au,Male,146.30.222.71
1247,Morganica,Emeney,memeney42@imageshack.us,Bigender,132.237.43.198
1248,Cherida,Jurasek,cjurasek43@ftc.gov,Female,232.214.64.156
1249,Annice,Mursell,amursell44@printfriendly.com,Female,8.205.74.217
1250,Terence,Seamon,tseamon45@facebook.com,Male,2.21.4.180
1251,Zacharie,Halifax,zhalifax46@ihg.com,Bigender,251.97.213.191
1252,Heinrik,Brader,hbrader47@weibo.com,Male,154.86.22.16
1253,Con,Fesby,cfesby48@blogger.com,Female,158.93.13.217
1254,Sinclair,Casero,scasero49@1688.com,Male,89.231.143.105
1255,Letty,Artin,lartin4a@163.com,Female,85.74.246.123
1256,Jo-ann,Wattisham,jwattisham4b@sciencedaily.com,Female,135.140.52.178
1257,Caren,Morfell,cmorfell4c@bizjournals.com,Agender,90.212.158.254
1258,Osborne,Gerbel,ogerbel4d@fda.gov,Male,46.23.242.148
1259,Lilyan,Le Friec,llefriec4e@imageshack.us,Female,8.130.207.166
1260,Brittaney,Rowland,browland4f@ning.com,Female,73.84.244.179
1261,Alla,Speed,aspeed4g@house.gov,Female,188.166.108.7
1262,Ermentrude,Sadat,esadat4h@surveymonkey.com,Female,0.4.227.144
1263,Estell,Blissett,eblissett4i@i2i.jp,Polygender,212.35.56.244
1264,Inga,Bonham,ibonham4j@mlb.com,Non-binary,118.145.103.127
1265,Honor,Keemer,hkeemer4k@wikia.com,Female,128.197.253.176
1266,Kaiser,Waghorn,kwaghorn4l@bluehost.com,Male,59.7.197.114
1267,Beltran,Pyrton,bpyrton4m@gmpg.org,Male,31.156.101.195
1268,Spencer,Leckey,sleckey4n@tamu.edu,Male,75.225.22.226
1269,Amabel,Wyllie,awyllie4o@prweb.com,Female,64.81.4.158
1270,Sherri,Bathoe,sbathoe4p@github.com,Female,31.52.21.168
1271,Bjorn,Duffet,bduffet4q@google.ru,Male,9.79.141.129
1272,Toma,Belly,tbelly4r@usgs.gov,Female,80.79.164.55
1273,Abelard,Laurentin,alaurentin4s@vkontakte.ru,Male,51.191.111.236
1274,Gardiner,Melmore,gmelmore4t@moonfruit.com,Male,87.46.222.73
1275,Devlin,Heinicke,dheinicke4u@barnesandnoble.com,Male,80.178.11.191
1276,Mark,Netherclift,mnetherclift4v@ucla.edu,Male,63.37.192.52
1277,Mayer,Nursey,mnursey4w@creativecommons.org,Male,127.64.216.92
1278,Kalila,Rosgen,krosgen4x@sohu.com,Genderfluid,153.49.184.242
1279,West,Lazarus,wlazarus4y@sphinn.com,Non-binary,224.68.38.181
1280,Elaina,Ballance,eballance4z@jigsy.com,Female,156.114.40.4
1281,Modestia,Phizakarley,mphizakarley50@nydailynews.com,Female,130.188.216.177
1282,Ancell,Clayworth,aclayworth51@ycombinator.com,Male,103.193.9.215
1283,Griswold,Alvy,galvy52@acquirethisname.com,Male,104.183.186.18
1284,Berni,Krauss,bkrauss53@mit.edu,Female,211.56.255.49
1285,Brad,Barlow,bbarlow54@dmoz.org,Male,180.105.189.64
1286,Nathan,Mathissen,nmathissen55@paginegialle.it,Male,109.52.123.25
1287,Marlane,Scafe,mscafe56@harvard.edu,Female,112.189.69.214
1288,Caryl,Hullett,chullett57@taobao.com,Female,183.254.124.238
1289,Haven,Denholm,hdenholm58@shinystat.com,Male,224.207.143.177
1290,Anson,Bullers,abullers59@house.gov,Male,228.185.22.91
1291,Isiahi,Allans,iallans5a@amazonaws.com,Male,193.48.108.94
1292,Katlin,Nobriga,knobriga5b@mapy.cz,Female,58.115.142.159
1293,Shelagh,Hateley,shateley5c@ifeng.com,Female,183.207.83.78
1294,Pat,Caldwell,pcaldwell5d@symantec.com,Male,254.245.121.210
1295,Constantin,Fogarty,cfogarty5e@merriam-webster.com,Male,202.205.197.239
1296,Rosalyn,O'Doohaine,rodoohaine5f@independent.co.uk,Female,252.34.70.91
1297,Zilvia,Macklam,zmacklam5g@thetimes.co.uk,Female,120.43.71.192
1298,Mara,De Filippis,mdefilippis5h@hao123.com,Female,198.17.39.91
1299,Wainwright,Edgett,wedgett5i@unesco.org,Male,42.44.209.177
1300,Rochell,Shervil,rshervil5j@youtube.com,Polygender,243.1.74.200
1301,Corney,Rome,crome5k@xrea.com,Male,5.186.141.110
1302,Yul,Dymond,ydymond5l@simplemachines.org,Genderqueer,27.50.234.219
1303,Darby,Cancellario,dcancellario5m@usnews.com,Female,105.187.212.255
1304,Grove,Gilfoy,ggilfoy5n@wunderground.com,Male,72.123.124.63
1305,Harris,Brewett,hbrewett5o@businessinsider.com,Male,197.34.69.55
1306,Garrett,MacTrusty,gmactrusty5p@state.gov,Male,213.133.37.141
1307,Ethyl,Kelleway,ekelleway5q@technorati.com,Female,68.45.237.84
1308,Janeczka,Kinder,jkinder5r@altervista.org,Female,11.243.204.224
1309,Rollo,Knowlden,rknowlden5s@forbes.com,Male,82.182.54.145
1310,Darill,Jennery,djennery5t@java.com,Male,97.171.103.13
1311,Donnell,Sabberton,dsabberton5u@ucla.edu,Male,221.222.143.78
1312,Margarita,Ricart,mricart5v@networkadvertising.org,Genderqueer,88.221.239.48
1313,Darelle,Hanway,dhanway5w@creativecommons.org,Female,241.34.176.198
1314,Kaitlynn,Mansuer,kmansuer5x@reference.com,Female,206.195.233.229
1315,Carr,Hiland,chiland5y@goo.gl,Agender,121.17.217.230
1316,Dav,Gowers,dgowers5z@nifty.com,Male,188.50.12.165
1317,Blinny,Wade,bwade60@printfriendly.com,Female,19.84.221.146
1318,Shawnee,De Cleen,sdecleen61@cargocollective.com,Female,213.243.14.165
1319,Olwen,Bugler,obugler62@ted.com,Genderqueer,140.3.91.5
1320,Thorvald,Huie,thuie63@topsy.com,Male,29.122.235.49
1321,Karney,Fewings,kfewings64@dell.com,Male,233.118.212.34
1322,Harlie,Walklot,hwalklot65@tumblr.com,Bigender,23.190.192.92
1323,Zerk,Bergen,zbergen66@webmd.com,Male,242.203.59.195
1324,Shepperd,Lampaert,slampaert67@simplemachines.org,Male,180.135.208.142
1325,Lura,Van den Bosch,lvandenbosch68@answers.com,Female,172.118.34.49
1326,Erick,Suermeiers,esuermeiers69@latimes.com,Male,17.99.29.123
1327,Ennis,Wellman,ewellman6a@examiner.com,Male,237.213.5.85
1328,Louella,Gilbeart,lgilbeart6b@google.com,Female,143.179.11.85
1329,Emmett,Callear,ecallear6c@ucoz.ru,Male,30.236.97.122
1330,Bordy,Scoone,bscoone6d@vimeo.com,Male,164.178.242.74
1331,Row,Iddison,riddison6e@reference.com,Female,65.243.191.172
1332,Betti,Fellnee,bfellnee6f@over-blog.com,Female,185.38.104.182
1333,Elizabeth,Routledge,eroutledge6g@jigsy.com,Female,108.61.100.239
1334,Vicki,Bandey,vbandey6h@noaa.gov,Female,128.64.82.118
1335,Obadias,Gerin,ogerin6i@howstuffworks.com,Male,106.56.201.103
1336,Curt,Fulun,cfulun6j@indiegogo.com,Male,129.117.28.253
1337,Irita,O' Timony,iotimony6k@abc.net.au,Female,181.115.246.27
1338,Cord,Garrad,cgarrad6l@admin.ch,Agender,104.255.249.220
1339,Georgeanne,Dobkin,gdobkin6m@buzzfeed.com,Female,101.220.155.74
1340,Gunner,Sarson,gsarson6n@google.it,Male,52.105.1.119
1341,Jude,Pruvost,jpruvost6o@yellowpages.com,Polygender,180.207.75.27
1342,Paxon,McMillan,pmcmillan6p@yolasite.com,Male,93.30.104.51
1343,Ainsley,Doylend,adoylend6q@smugmug.com,Female,143.59.12.84
1344,Constanta,Nicklinson,cnicklinson6r@zdnet.com,Female,227.191.47.76
1345,Terence,Maciaszek,tmaciaszek6s@netlog.com,Genderqueer,25.62.208.241
1346,Adoree,Whate,awhate6t@usda.gov,Agender,99.151.53.21
1347,Katrinka,FitzAlan,kfitzalan6u@indiatimes.com,Female,63.110.131.139
1348,Margie,Woolvin,mwoolvin6v@creativecommons.org,Female,48.101.55.203
1349,Giles,Guillou,gguillou6w@vinaora.com,Male,99.32.46.81
1350,Julius,Boumphrey,jboumphrey6x@goodreads.com,Male,64.89.88.135
1351,Myranda,Elcott,melcott6y@last.fm,Female,100.155.178.208
1352,Fina,Ely,fely6z@163.com,Female,36.240.189.118
1353,Giulia,Coventry,gcoventry70@bbb.org,Female,176.104.117.218
1354,Cordelie,Klimes,cklimes71@t.co,Female,34.171.102.180
1355,Marigold,Todhunter,mtodhunter72@hhs.gov,Female,211.81.4.98
1356,Romy,Pratty,rpratty73@spiegel.de,Female,164.124.47.129
1357,Annora,Van Schafflaer,avanschafflaer74@360.cn,Female,38.27.191.91
1358,Teddy,Piken,tpiken75@squidoo.com,Non-binary,99.64.250.105
1359,Rudiger,Futty,rfutty76@artisteer.com,Male,75.185.248.8
1360,Keri,Malthouse,kmalthouse77@google.com,Female,98.141.174.221
1361,Baron,Cale,bcale78@huffingtonpost.com,Male,67.154.85.192
1362,Smitty,Larder,slarder79@mapquest.com,Male,36.47.112.40
1363,Anselm,Cavendish,acavendish7a@wikimedia.org,Genderqueer,196.82.45.68
1364,Mathias,Harmston,mharmston7b@angelfire.com,Male,3.205.170.107
1365,Genvieve,Flippen,gflippen7c@uol.com.br,Female,67.159.14.196
1366,Myer,O'Corrigane,mocorrigane7d@tripod.com,Male,139.97.221.50
1367,Quintina,Alford,qalford7e@simplemachines.org,Female,173.113.77.73
1368,Inness,Johansson,ijohansson7f@unc.edu,Male,6.223.143.174
1369,Leoline,Langham,llangham7g@chron.com,Female,8.129.78.225
1370,Estelle,Wildash,ewildash7h@who.int,Female,171.179.180.30
1371,Basilius,Maharry,bmaharry7i@nyu.edu,Male,8.28.135.40
1372,Pincus,Kerswill,pkerswill7j@twitpic.com,Male,175.132.178.185
1373,Chase,Scandrett,cscandrett7k@4shared.com,Male,198.171.255.22
1374,Sondra,Kloster,skloster7l@cdbaby.com,Female,220.136.44.9
1375,Dilly,Snel,dsnel7m@mashable.com,Male,190.252.43.197
1376,Fernandina,Malenfant,fmalenfant7n@newsvine.com,Female,221.200.96.138
1377,Ambros,L'Homme,alhomme7o@tmall.com,Male,35.19.71.91
1378,Dyann,Biglin,dbiglin7p@opera.com,Female,5.129.147.78
1379,Tobias,Cozens,tcozens7q@icio.us,Male,6.102.153.189
1380,Uri,Deans,udeans7r@dmoz.org,Male,244.25.223.138
1381,Cirstoforo,Swindell,cswindell7s@shareasale.com,Male,48.31.34.71
1382,Norry,Trumble,ntrumble7t@wikipedia.org,Male,43.158.99.4
1383,Waldemar,Penniell,wpenniell7u@i2i.jp,Male,124.38.146.180
1384,Lucia,Kinghorne,lkinghorne7v@toplist.cz,Female,191.139.166.76
1385,Dacey,Janaway,djanaway7w@macromedia.com,Female,110.91.21.114
1386,Ali,McTerlagh,amcterlagh7x@instagram.com,Female,49.79.224.61
1387,Caldwell,Hillhouse,chillhouse7y@prlog.org,Male,197.41.189.161
1388,Geneva,McGaraghan,gmcgaraghan7z@jimdo.com,Female,88.97.181.183
1389,Ferguson,Keningley,fkeningley80@newsvine.com,Male,166.206.194.225
1390,Alex,Laise,alaise81@vimeo.com,Male,168.251.118.35
1391,Cris,Pessler,cpessler82@yandex.ru,Female,5.79.181.47
1392,Horatia,Ambrozik,hambrozik83@creativecommons.org,Female,84.215.16.171
1393,York,Vynoll,yvynoll84@paginegialle.it,Male,137.138.75.248
1394,Jodi,Jills,jjills85@ft.com,Male,113.188.229.102
1395,Ronnie,Dougherty,rdougherty86@technorati.com,Female,42.183.236.160
1396,Laurence,Edlyn,ledlyn87@instagram.com,Male,17.28.76.213
1397,Ravid,Housbie,rhousbie88@ameblo.jp,Male,57.99.158.132
1398,Riley,Matushenko,rmatushenko89@twitpic.com,Male,131.176.184.65
1399,Abbey,Schober,aschober8a@scientificamerican.com,Female,200.236.178.16
1400,Robers,Shipway,rshipway8b@cbsnews.com,Male,234.1.76.202
1401,Nicko,Kezourec,nkezourec8c@jalbum.net,Male,142.155.154.88
1402,Delcine,Whittock,dwhittock8d@ifeng.com,Female,50.63.48.9
1403,Anastassia,O'Cooney,aocooney8e@discovery.com,Female,15.16.48.36
1404,Marysa,Lahy,mlahy8f@netvibes.com,Female,198.166.73.32
1405,Redford,Gogin,rgogin8g@ning.com,Male,80.188.167.189
1406,Collie,Borgars,cborgars8h@facebook.com,Female,254.217.231.173
1407,Morris,Killich,mkillich8i@smh.com.au,Male,143.93.75.147
1408,Dicky,Lefley,dlefley8j@nytimes.com,Male,235.171.67.243
1409,Wiley,Grestie,wgrestie8k@imageshack.us,Male,138.153.148.215
1410,Erica,Sharphurst,esharphurst8l@nymag.com,Female,127.232.115.8
1411,Gery,Ben-Aharon,gbenaharon8m@home.pl,Male,182.158.206.217
1412,Rebe,Helwig,rhelwig8n@dailymotion.com,Female,145.43.204.173
1413,Germayne,Gramer,ggramer8o@bluehost.com,Male,181.120.13.221
1414,Suellen,Ference,sference8p@youku.com,Female,201.203.236.180
1415,Odelia,Laphorn,olaphorn8q@techcrunch.com,Female,156.231.89.6
1416,Michaela,Finlaison,mfinlaison8r@ifeng.com,Female,170.178.221.116
1417,Lana,Beange,lbeange8s@java.com,Female,80.41.252.84
1418,Jerome,Trenoweth,jtrenoweth8t@shutterfly.com,Bigender,147.25.98.75
1419,Torin,Clipston,tclipston8u@webmd.com,Male,75.125.175.194
1420,Husein,Grouer,hgrouer8v@merriam-webster.com,Male,234.151.2.220
1421,Amitie,Matelyunas,amatelyunas8w@feedburner.com,Female,146.11.100.29
1422,Devlin,Kenright,dkenright8x@ask.com,Male,162.43.87.192
1423,Camilla,Pendre,cpendre8y@craigslist.org,Female,22.105.151.133
1424,Beatrice,Tetther,btetther8z@hatena.ne.jp,Female,216.94.178.181
1425,Herschel,Hubball,hhubball90@gov.uk,Male,141.192.242.36
1426,Keefer,Regan,kregan91@vk.com,Male,1.90.151.11
1427,Dory,Paulusch,dpaulusch92@wikipedia.org,Female,148.129.122.197
1428,Johannah,Cust,jcust93@mayoclinic.com,Female,247.201.243.11
1429,Vilhelmina,Jacob,vjacob94@sciencedirect.com,Female,69.254.203.37
1430,Lurette,Waghorn,lwaghorn95@yandex.ru,Female,13.204.78.85
1431,Sosanna,Dobbs,sdobbs96@auda.org.au,Female,15.25.201.138
1432,Sammy,Sorby,ssorby97@baidu.com,Female,240.21.194.110
1433,Tadeas,Vanelli,tvanelli98@ocn.ne.jp,Male,228.2.233.149
1434,Mack,Havock,mhavock99@nhs.uk,Bigender,169.107.168.207
1435,Nolan,Passy,npassy9a@taobao.com,Male,117.102.188.44
1436,Abigale,Burgoin,aburgoin9b@dropbox.com,Female,46.183.39.42
1437,Delila,Suatt,dsuatt9c@telegraph.co.uk,Female,152.202.145.204
1438,Evvie,McClory,emcclory9d@mlb.com,Female,139.23.29.245
1439,Marijo,Skyrm,mskyrm9e@behance.net,Female,56.139.32.112
1440,Hinze,Cumpton,hcumpton9f@cloudflare.com,Male,6.96.169.154
1441,Storm,MacGinley,smacginley9g@intel.com,Genderqueer,229.130.1.217
1442,Keslie,Cammomile,kcammomile9h@opera.com,Female,52.140.242.238
1443,Ramona,Lowdes,rlowdes9i@behance.net,Female,100.169.243.90
1444,Cleveland,Backs,cbacks9j@nsw.gov.au,Male,135.192.91.16
1445,Iain,Dinkin,idinkin9k@hexun.com,Male,82.86.32.73
1446,Veronica,Ramelot,vramelot9l@infoseek.co.jp,Female,233.62.18.216
1447,Jordan,Cressingham,jcressingham9m@w3.org,Female,34.217.93.250
1448,Erin,Rosser,erosser9n@mediafire.com,Female,237.17.176.24
1449,Eben,Brandli,ebrandli9o@nps.gov,Male,94.246.105.49
1450,Joellyn,Van Daalen,jvandaalen9p@accuweather.com,Female,194.158.12.99
1451,Nancie,Lawden,nlawden9q@microsoft.com,Non-binary,92.124.120.123
1452,Albert,Warin,awarin9r@shinystat.com,Male,87.43.179.109
1453,Nichols,MacLese,nmaclese9s@linkedin.com,Genderfluid,115.130.191.178
1454,Dur,Sydney,dsydney9t@netscape.com,Polygender,105.82.176.75
1455,Clarisse,Dayton,cdayton9u@gov.uk,Female,44.98.97.31
1456,Felic,Meneely,fmeneely9v@free.fr,Male,5.114.217.129
1457,Fielding,Sliney,fsliney9w@geocities.jp,Male,181.116.123.229
1458,Syman,Plant,splant9x@goo.ne.jp,Male,11.108.78.40
1459,Culver,Brandone,cbrandone9y@yolasite.com,Male,10.127.204.245
1460,Odetta,Buchan,obuchan9z@paypal.com,Female,130.225.232.105
1461,Denis,Clist,dclista0@ft.com,Male,16.20.67.22
1462,Tilda,Burr,tburra1@prweb.com,Agender,74.11.60.102
1463,Granny,Start,gstarta2@opensource.org,Genderfluid,47.122.112.10
1464,Shepherd,Wake,swakea3@myspace.com,Male,222.15.108.101
1465,Antony,Farnfield,afarnfielda4@domainmarket.com,Male,105.159.116.61
1466,Helen,Bloxham,hbloxhama5@histats.com,Female,232.197.146.205
1467,Carmel,Kinsett,ckinsetta6@businessinsider.com,Genderfluid,0.230.236.107
1468,Xerxes,Royal,xroyala7@hugedomains.com,Male,164.252.44.170
1469,Alano,Stockdale,astockdalea8@ftc.gov,Male,240.243.179.248
1470,Chicky,Phipp,cphippa9@linkedin.com,Female,223.174.168.90
1471,Averil,Bullant,abullantaa@mozilla.org,Genderfluid,227.152.148.253
1472,Chrysler,Zywicki,czywickiab@accuweather.com,Female,200.253.183.189
1473,Whitaker,Normabell,wnormabellac@cbc.ca,Male,33.214.195.158
1474,Sallyanne,Faires,sfairesad@paypal.com,Female,198.150.216.36
1475,Stephana,Tuddenham,studdenhamae@infoseek.co.jp,Female,242.17.138.48
1476,Delmer,Jemison,djemisonaf@simplemachines.org,Male,70.60.105.44
1477,Dede,Irce,dirceag@edublogs.org,Female,177.71.37.121
1478,Ebeneser,McGonnell,emcgonnellah@opera.com,Male,28.112.232.186
1479,Stanleigh,Phil,sphilai@china.com.cn,Male,61.136.171.55
1480,Alessandro,Flook,aflookaj@ehow.com,Male,215.27.230.246
1481,Loralee,Scarse,lscarseak@aboutads.info,Female,213.252.226.103
1482,Tristam,Hitschke,thitschkeal@nydailynews.com,Male,238.208.196.101
1483,Bruis,Jordan,bjordanam@squarespace.com,Male,64.220.121.199
1484,Sibilla,Dumsday,sdumsdayan@cmu.edu,Female,161.234.151.170
1485,Nicolea,Renforth,nrenforthao@weather.com,Female,49.167.152.100
1486,Lloyd,Mynott,lmynottap@sina.com.cn,Male,136.227.26.101
1487,Harvey,Rickell,hrickellaq@nydailynews.com,Male,110.201.108.43
1488,Sammy,Kilborn,skilbornar@goo.gl,Polygender,223.74.247.50
1489,Sayre,McSperron,smcsperronas@google.com.hk,Female,65.52.106.23
1490,Birk,Aronstam,baronstamat@hhs.gov,Male,176.35.211.85
1491,Hurley,Awty,hawtyau@marriott.com,Male,74.53.88.216
1492,Phedra,Blaycock,pblaycockav@delicious.com,Female,142.161.245.210
1493,Darcey,Ascraft,dascraftaw@upenn.edu,Female,191.97.212.243
1494,Alejandro,Hatcliffe,ahatcliffeax@nytimes.com,Male,159.169.252.93
1495,Maxim,Pechell,mpechellay@storify.com,Male,170.137.229.102
1496,Freedman,Mazzei,fmazzeiaz@omniture.com,Genderqueer,178.84.109.233
1497,Laney,Jouning,ljouningb0@woothemes.com,Female,72.236.38.8
1498,Kirby,Stansbury,kstansburyb1@netlog.com,Non-binary,109.218.190.52
1499,Wiley,Mouser,wmouserb2@slideshare.net,Male,217.40.7.107
1500,Torrin,Kingstne,tkingstneb3@usgs.gov,Male,62.75.243.106
1501,Vonnie,Thackham,vthackhamb4@github.com,Female,135.81.59.172
1502,Rina,Illston,rillstonb5@wikia.com,Female,123.38.61.131
1503,Lorine,Wordsley,lwordsleyb6@dot.gov,Female,24.55.26.8
1504,Josefina,Slobom,jslobomb7@digg.com,Female,166.66.170.77
1505,Nerissa,Varian,nvarianb8@jugem.jp,Female,69.210.1.222
1506,Abagael,McPolin,amcpolinb9@soundcloud.com,Female,30.33.194.125
1507,Gladys,Eunson,geunsonba@ucsd.edu,Female,227.132.2.117
1508,Hewet,Gerson,hgersonbb@amazon.com,Male,232.232.193.88
1509,Torrence,Selliman,tsellimanbc@businessinsider.com,Male,92.189.142.122
1510,Lombard,Hodgins,lhodginsbd@live.com,Male,222.1.61.51
1511,Malorie,Purdy,mpurdybe@uiuc.edu,Female,26.213.130.62
1512,Shandra,Ions,sionsbf@usgs.gov,Female,26.190.2.37
1513,Gael,Truckett,gtruckettbg@narod.ru,Male,13.195.188.155
1514,Jeff,Critoph,jcritophbh@cisco.com,Male,38.111.231.42
1515,Rich,Knappe,rknappebi@delicious.com,Male,60.139.35.49
1516,Janean,Lambe,jlambebj@devhub.com,Female,217.33.61.175
1517,Ave,Idwal Evans,aidwalevansbk@tripadvisor.com,Male,77.47.41.163
1518,Darcey,Vallack,dvallackbl@dion.ne.jp,Female,163.98.120.16
1519,Carney,Gronow,cgronowbm@jalbum.net,Genderqueer,62.67.87.184
1520,Judie,Elcomb,jelcombbn@bandcamp.com,Female,227.215.71.97
1521,Kelcey,Francescone,kfrancesconebo@livejournal.com,Female,1.63.240.150
1522,Parnell,Challicum,pchallicumbp@apache.org,Male,28.140.115.81
1523,Dannel,Painswick,dpainswickbq@howstuffworks.com,Genderfluid,6.186.93.26
1524,Madelina,Croisier,mcroisierbr@nymag.com,Bigender,128.118.123.49
1525,Elvina,Dixon,edixonbs@lycos.com,Female,126.76.188.44
1526,Sallyann,Magrane,smagranebt@usda.gov,Female,129.174.92.202
1527,Lance,Bingley,lbingleybu@mapquest.com,Male,180.240.233.177
1528,Gaylord,Kerrey,gkerreybv@seesaa.net,Male,43.241.34.31
1529,Hadlee,Kittley,hkittleybw@lulu.com,Male,145.132.178.252
1530,Lori,Battisson,lbattissonbx@photobucket.com,Female,228.218.134.58
1531,Renie,Dantesia,rdantesiaby@amazon.co.uk,Female,8.160.85.234
1532,Bondie,Kanzler,bkanzlerbz@godaddy.com,Male,176.175.242.33
1533,Kendal,Kobpal,kkobpalc0@tripadvisor.com,Male,60.254.239.204
1534,Nobie,Booton,nbootonc1@pinterest.com,Male,222.5.79.63
1535,Bobby,Fildery,bfilderyc2@feedburner.com,Female,249.86.201.176
1536,Lissa,Veschambes,lveschambesc3@thetimes.co.uk,Genderqueer,16.98.170.119
1537,Hettie,Sword,hswordc4@ca.gov,Agender,115.126.47.210
1538,Shirleen,Twentyman,stwentymanc5@bandcamp.com,Female,206.115.130.233
1539,Hayyim,Bollum,hbollumc6@illinois.edu,Male,5.62.83.169
1540,Meggie,Kalisz,mkaliszc7@wix.com,Polygender,45.75.199.128
1541,Christos,Flay,cflayc8@ocn.ne.jp,Male,125.102.54.163
1542,Zacharie,Alexsandrowicz,zalexsandrowiczc9@artisteer.com,Male,189.82.237.52
1543,Valera,O'Daly,vodalyca@skype.com,Female,186.131.241.19
1544,Dianna,Casino,dcasinocb@npr.org,Female,203.185.255.206
1545,Lia,Boerderman,lboerdermancc@studiopress.com,Female,57.147.98.58
1546,Darill,Wainman,dwainmancd@hibu.com,Male,82.30.179.87
1547,Hertha,Vondrys,hvondrysce@indiatimes.com,Female,31.28.238.75
1548,Tamarah,Worman,twormancf@google.co.jp,Female,23.218.76.131
1549,Celie,Elvins,celvinscg@t.co,Female,158.14.17.38
1550,Elnar,Hellewell,ehellewellch@theguardian.com,Male,158.116.107.96
1551,Emlynn,Lotze,elotzeci@tiny.cc,Polygender,214.93.170.152
1552,Ase,Derell,aderellcj@networksolutions.com,Male,92.56.205.43
1553,Linell,Koch,lkochck@constantcontact.com,Female,167.152.134.76
1554,Deonne,Ginnane,dginnanecl@nbcnews.com,Female,44.202.33.12
1555,Cristine,Gerardin,cgerardincm@guardian.co.uk,Female,86.207.87.242
1556,Magdalene,Duiged,mduigedcn@tmall.com,Female,161.17.186.252
1557,Dimitry,Melledy,dmelledyco@feedburner.com,Male,195.18.180.41
1558,Katherina,Llewellin,kllewellincp@chronoengine.com,Female,1.40.243.63
1559,Maryellen,Magrane,mmagranecq@smh.com.au,Female,100.194.110.100
1560,Emory,Punter,epuntercr@dailymotion.com,Male,165.133.135.216
1561,Cleon,Sagerson,csagersoncs@nba.com,Male,234.195.207.87
1562,Amata,Warcop,awarcopct@mysql.com,Female,153.15.72.95
1563,Bondie,Layfield,blayfieldcu@ucoz.com,Male,100.118.130.43
1564,Jerrie,Choupin,jchoupincv@tinyurl.com,Female,150.187.70.62
1565,Gibby,Wonter,gwontercw@wufoo.com,Male,63.158.137.98
1566,Aloin,Helwig,ahelwigcx@imageshack.us,Genderfluid,37.135.30.217
1567,Alford,Raeburn,araeburncy@addtoany.com,Male,70.119.123.57
1568,Marie-jeanne,Burdin,mburdincz@alibaba.com,Female,120.142.23.90
1569,Sammy,Doers,sdoersd0@miitbeian.gov.cn,Female,35.61.95.121
1570,Elsi,Slate,eslated1@hubpages.com,Polygender,135.172.77.153
1571,Tanny,Phetteplace,tphetteplaced2@mapy.cz,Male,79.90.98.249
1572,Tabina,Sheldrake,tsheldraked3@nsw.gov.au,Female,36.242.145.37
1573,Lynde,Senton,lsentond4@blogger.com,Female,120.29.226.187
1574,Chicky,Dumbarton,cdumbartond5@youtu.be,Female,58.233.169.33
1575,Reynard,Bjerkan,rbjerkand6@amazon.co.uk,Male,57.216.147.129
1576,La verne,Philippson,lphilippsond7@indiatimes.com,Female,203.33.20.56
1577,Loutitia,Kobke,lkobked8@indiegogo.com,Female,153.190.205.129
1578,Norine,Bonnick,nbonnickd9@skype.com,Female,145.78.16.20
1579,Kaleena,Allpress,kallpressda@miibeian.gov.cn,Female,131.186.71.183
1580,Pete,Capeloff,pcapeloffdb@umn.edu,Male,242.165.214.181
1581,Candie,Peeke,cpeekedc@list-manage.com,Female,202.248.23.66
1582,Delinda,Hugill,dhugilldd@arstechnica.com,Female,186.205.184.238
1583,Lotty,Balshen,lbalshende@merriam-webster.com,Female,188.35.170.199
1584,Addie,Mailey,amaileydf@webeden.co.uk,Female,85.110.204.208
1585,Onofredo,Clearie,ocleariedg@hugedomains.com,Male,131.149.33.84
1586,Alon,Ainge,aaingedh@feedburner.com,Male,13.9.244.214
1587,Adriano,Clemanceau,aclemanceaudi@wired.com,Male,9.221.85.28
1588,Bella,Welbeck,bwelbeckdj@stumbleupon.com,Female,70.78.51.150
1589,Sullivan,Whitter,swhitterdk@example.com,Male,168.130.12.22
1590,Hasheem,Snookes,hsnookesdl@sbwire.com,Male,165.36.102.103
1591,Brock,Josland,bjoslanddm@skype.com,Bigender,9.31.117.83
1592,Donaugh,Pretorius,dpretoriusdn@deliciousdays.com,Male,72.244.72.161
1593,Oby,Spinke,ospinkedo@google.com.hk,Male,243.106.33.70
1594,Burke,Kinnerley,bkinnerleydp@imgur.com,Male,101.6.109.29
1595,Glori,Thompson,gthompsondq@wunderground.com,Female,90.174.103.162
1596,Brandise,Turbefield,bturbefielddr@ft.com,Female,97.87.49.93
1597,Allix,Tampin,atampinds@feedburner.com,Female,100.34.100.230
1598,Etan,Gethen,egethendt@networksolutions.com,Male,170.167.67.224
1599,Hughie,Ridgway,hridgwaydu@eepurl.com,Male,209.60.74.185
1600,Rinaldo,Lambrick,rlambrickdv@alibaba.com,Male,156.191.35.19
1601,Anett,Picknett,apicknettdw@symantec.com,Female,212.18.165.108
1602,Guy,Shearwood,gshearwooddx@histats.com,Male,139.72.173.246
1603,Obadias,Torel,otoreldy@goo.gl,Male,239.211.15.206
1604,Richard,McGahy,rmcgahydz@elpais.com,Male,64.217.162.159
1605,Burk,Couldwell,bcouldwelle0@xinhuanet.com,Male,59.207.86.65
1606,Rochester,Goggins,rgogginse1@multiply.com,Male,150.5.34.154
1607,Nonna,Coules,ncoulese2@pbs.org,Female,125.134.39.23
1608,Shae,Jest,sjeste3@soundcloud.com,Male,161.233.140.132
1609,Grata,Maccree,gmaccreee4@walmart.com,Female,52.143.106.179
1610,Boris,Bestwerthick,bbestwerthicke5@imdb.com,Male,143.139.60.60
1611,Lenna,Laterza,llaterzae6@china.com.cn,Female,64.227.174.135
1612,Jase,Durnford,jdurnforde7@simplemachines.org,Male,190.150.115.98
1613,Cobby,Rishworth,crishworthe8@yandex.ru,Male,145.212.62.207
1614,Timmie,Wicks,twickse9@wiley.com,Female,80.31.115.139
1615,Frasier,Kubalek,fkubalekea@newyorker.com,Male,206.96.222.237
1616,Isidro,Ludlom,iludlomeb@reddit.com,Male,199.59.215.51
1617,Sandi,Pandey,spandeyec@list-manage.com,Female,32.209.136.218
1618,Danice,Nansom,dnansomed@bravesites.com,Female,164.97.63.136
1619,Symon,Mammatt,smammattee@theglobeandmail.com,Male,99.81.79.10
1620,Corabelle,Reuss,creussef@nba.com,Female,13.228.124.117
1621,Teressa,Cornu,tcornueg@hibu.com,Female,233.23.95.252
1622,Annabal,Kleinpeltz,akleinpeltzeh@1688.com,Female,72.113.213.44
1623,Audy,Hacard,ahacardei@nyu.edu,Female,245.4.15.193
1624,Mason,Fussie,mfussieej@a8.net,Male,199.254.165.30
1625,Leone,Birks,lbirksek@hc360.com,Female,20.243.213.55
1626,Rhett,Coldicott,rcoldicottel@creativecommons.org,Male,113.155.244.210
1627,Lionello,Widger,lwidgerem@comsenz.com,Genderfluid,171.35.50.171
1628,Tabby,Maffini,tmaffinien@twitpic.com,Genderqueer,140.230.231.249
1629,Diann,Verdie,dverdieeo@people.com.cn,Female,193.253.160.118
1630,Lion,Acutt,lacuttep@hatena.ne.jp,Male,97.82.230.213
1631,Leola,Oppery,lopperyeq@youtube.com,Female,86.178.118.201
1632,Reynard,Spraberry,rspraberryer@noaa.gov,Male,14.165.154.102
1633,Lazaro,Haet,lhaetes@nifty.com,Male,203.116.221.2
1634,Stevana,Hillburn,shillburnet@creativecommons.org,Female,6.43.183.76
1635,Codee,Mityakov,cmityakoveu@mail.ru,Female,5.150.91.115
1636,Cherilynn,Geelan,cgeelanev@goo.ne.jp,Female,90.220.37.249
1637,Erhard,Rummery,erummeryew@va.gov,Male,133.94.80.50
1638,Abbott,De Haven,adehavenex@fastcompany.com,Genderfluid,167.40.53.203
1639,Tobie,Yankishin,tyankishiney@mail.ru,Male,40.191.243.81
1640,Dael,Breward,dbrewardez@mtv.com,Male,76.226.109.118
1641,Theodore,Doe,tdoef0@sciencedirect.com,Male,108.236.75.103
1642,Jose,Davidman,jdavidmanf1@t.co,Male,49.142.242.182
1643,Jannel,Dring,jdringf2@exblog.jp,Female,106.231.198.219
1644,Latia,McAreavey,lmcareaveyf3@mysql.com,Female,29.21.196.59
1645,Janot,Thomasen,jthomasenf4@cdbaby.com,Female,24.100.33.53
1646,Lexi,Gilliat,lgilliatf5@usgs.gov,Bigender,154.112.101.185
1647,Winifield,Headrick,wheadrickf6@buzzfeed.com,Male,104.69.52.115
1648,Lonnie,Barbier,lbarbierf7@mlb.com,Female,250.178.10.26
1649,Fergus,Argabrite,fargabritef8@boston.com,Male,195.234.175.10
1650,Sheila,Wippermann,swippermannf9@home.pl,Polygender,19.49.15.158
1651,Sancho,Holyard,sholyardfa@blogs.com,Male,130.41.221.176
1652,Henri,McLinden,hmclindenfb@bandcamp.com,Genderfluid,12.61.160.66
1653,Lebbie,Maxted,lmaxtedfc@umn.edu,Female,181.249.133.153
1654,Sandy,Amyes,samyesfd@meetup.com,Female,6.112.6.186
1655,Eldon,Cunnell,ecunnellfe@wired.com,Male,74.215.115.159
1656,Lorenza,Orkney,lorkneyff@nymag.com,Female,92.17.6.41
1657,Roselin,Skala,rskalafg@google.com.br,Female,190.236.101.48
1658,Debra,Kobpa,dkobpafh@yahoo.com,Female,9.182.61.178
1659,Ugo,Scrace,uscracefi@europa.eu,Male,45.204.15.145
1660,Edgar,Yakobovitz,eyakobovitzfj@freewebs.com,Male,125.197.177.19
1661,Thaine,Copin,tcopinfk@home.pl,Male,165.6.184.232
1662,Sheba,Sudell,ssudellfl@biglobe.ne.jp,Female,144.8.223.129
1663,Deena,Hordle,dhordlefm@jimdo.com,Female,94.28.233.203
1664,Vinni,Baybutt,vbaybuttfn@reference.com,Female,86.118.33.1
1665,Lona,Sproat,lsproatfo@zimbio.com,Female,165.229.100.245
1666,Julee,Glowinski,jglowinskifp@jimdo.com,Female,189.38.221.219
1667,Carola,Gould,cgouldfq@home.pl,Female,200.139.200.202
1668,Silas,Hindenburg,shindenburgfr@paginegialle.it,Male,40.2.41.137
1669,Petronilla,Coundley,pcoundleyfs@aol.com,Non-binary,254.6.65.198
1670,Kristos,Schoular,kschoularft@amazonaws.com,Male,105.161.198.88
1671,Raychel,Sebastian,rsebastianfu@weebly.com,Female,7.73.130.161
1672,Geri,Beard,gbeardfv@whitehouse.gov,Male,93.134.48.144
1673,Nevil,Charlwood,ncharlwoodfw@unicef.org,Male,180.135.46.239
1674,Sidonnie,Pimmocke,spimmockefx@nifty.com,Female,50.105.81.110
1675,Jere,Songer,jsongerfy@answers.com,Male,74.122.124.189
1676,Annabelle,Torrisi,atorrisifz@cdc.gov,Female,140.247.172.9
1677,Rocky,Petche,rpetcheg0@google.com,Male,179.184.151.130
1678,Fergus,Worswick,fworswickg1@washingtonpost.com,Male,163.235.104.94
1679,Martie,Limpenny,mlimpennyg2@si.edu,Polygender,239.171.242.26
1680,Ibbie,Cotillard,icotillardg3@admin.ch,Female,80.152.81.219
1681,Darb,Audus,daudusg4@ucoz.ru,Male,233.170.11.135
1682,Willey,Minchinton,wminchintong5@over-blog.com,Male,245.110.118.145
1683,Kelci,Rozycki,krozyckig6@newyorker.com,Female,210.177.174.230
1684,Jordan,FitzGeorge,jfitzgeorgeg7@dyndns.org,Male,5.176.108.147
1685,Scarlet,Garz,sgarzg8@slashdot.org,Female,207.64.8.245
1686,Dall,Burcombe,dburcombeg9@storify.com,Male,103.22.185.249
1687,Elspeth,Cusick,ecusickga@unc.edu,Female,5.6.131.52
1688,Verena,Durnall,vdurnallgb@va.gov,Female,117.73.234.49
1689,Kathleen,Clemot,kclemotgc@omniture.com,Female,6.166.128.94
1690,Aggy,Caulier,acauliergd@wikimedia.org,Female,111.232.67.129
1691,Lucky,Eddolls,leddollsge@disqus.com,Female,137.253.114.105
1692,Rance,Crass,rcrassgf@fc2.com,Male,53.145.188.37
1693,Glendon,Copper,gcoppergg@altervista.org,Male,12.82.34.229
1694,Wilow,Orteau,worteaugh@washington.edu,Female,10.43.237.166
1695,Timmy,Flieger,tfliegergi@e-recht24.de,Male,126.232.114.97
1696,Davey,Snodden,dsnoddengj@dmoz.org,Male,61.195.226.218
1697,Devonne,Crean,dcreangk@digg.com,Female,211.197.201.95
1698,Julita,Smogur,jsmogurgl@quantcast.com,Female,15.209.236.248
1699,Jeannie,Swansbury,jswansburygm@goo.gl,Female,95.39.185.74
1700,Luciana,Tanman,ltanmangn@tumblr.com,Female,188.210.117.22
1701,Moritz,O'Rudden,moruddengo@ask.com,Male,139.39.173.225
1702,Jillana,Dangl,jdanglgp@webeden.co.uk,Female,81.20.209.78
1703,Dominique,Loveredge,dloveredgegq@rediff.com,Genderqueer,70.120.12.94
1704,Lorant,Rime,lrimegr@a8.net,Male,99.166.136.158
1705,Agretha,Nel,anelgs@stumbleupon.com,Female,227.74.235.193
1706,Lynn,Howgego,lhowgegogt@cargocollective.com,Polygender,79.137.81.109
1707,Mervin,McGawn,mmcgawngu@behance.net,Male,97.178.101.195
1708,Peyton,Ballendine,pballendinegv@yellowpages.com,Male,66.211.209.98
1709,Don,Llop,dllopgw@sfgate.com,Male,190.103.221.197
1710,Morgen,Veschambre,mveschambregx@php.net,Male,112.96.176.38
1711,Michele,Halpeine,mhalpeinegy@jiathis.com,Female,197.8.87.175
1712,Xylia,Lissemore,xlissemoregz@spotify.com,Female,233.8.205.173
1713,Stefan,Zorer,szorerh0@youtu.be,Male,118.248.72.138
1714,Jaclin,Klimkov,jklimkovh1@youku.com,Female,216.252.26.181
1715,Sibby,Maher,smaherh2@flickr.com,Female,94.135.63.57
1716,Anetta,Melbourn,amelbournh3@constantcontact.com,Female,253.83.126.114
1717,Paige,Hambribe,phambribeh4@seesaa.net,Female,56.102.48.190
1718,Branden,Dracksford,bdracksfordh5@narod.ru,Male,53.62.64.49
1719,Basilius,Edinburough,bedinburoughh6@imageshack.us,Male,66.187.74.132
1720,Lory,Cottingham,lcottinghamh7@dailymotion.com,Female,87.77.8.115
1721,Krystalle,Lansley,klansleyh8@cpanel.net,Female,95.240.149.40
1722,Stormie,Damerell,sdamerellh9@desdev.cn,Female,110.188.238.25
1723,Casper,Arnowitz,carnowitzha@digg.com,Male,149.62.21.48
1724,Freda,Knapman,fknapmanhb@disqus.com,Female,133.213.98.214
1725,Geralda,Eddington,geddingtonhc@sohu.com,Female,46.122.206.6
1726,Barnard,Bruins,bbruinshd@webnode.com,Male,99.69.91.2
1727,Gaye,Colleford,gcollefordhe@storify.com,Female,249.35.226.98
1728,Lorrie,Hollyar,lhollyarhf@tripod.com,Genderfluid,83.190.219.218
1729,Danielle,McVittie,dmcvittiehg@webmd.com,Agender,26.243.140.140
1730,Ailee,Sabie,asabiehh@usa.gov,Female,229.40.114.250
1731,Helen,Lebond,hlebondhi@about.com,Female,227.79.247.217
1732,Pat,Makeswell,pmakeswellhj@who.int,Female,10.161.2.21
1733,Daisy,Hunnywell,dhunnywellhk@hubpages.com,Female,223.110.177.181
1734,Inglebert,McNiff,imcniffhl@mysql.com,Male,166.245.54.27
1735,Hewet,Baynard,hbaynardhm@com.com,Male,213.187.203.130
1736,Arlena,Fonquernie,afonquerniehn@oakley.com,Female,224.48.187.160
1737,Andy,Usmar,ausmarho@uiuc.edu,Female,175.87.126.200
1738,Abramo,Fricker,africkerhp@ocn.ne.jp,Male,214.220.76.109
1739,Carlotta,Jedrysik,cjedrysikhq@rambler.ru,Female,2.244.185.91
1740,Fitzgerald,Steffans,fsteffanshr@wufoo.com,Bigender,235.119.63.145
1741,Andonis,Ledley,aledleyhs@parallels.com,Male,99.137.105.81
1742,Alon,Bryden,abrydenht@lulu.com,Non-binary,163.69.205.105
1743,Gerty,Kirkham,gkirkhamhu@twitter.com,Female,157.51.22.167
1744,Joaquin,O'Hederscoll,johederscollhv@latimes.com,Polygender,126.181.248.149
1745,Carol,Gouth,cgouthhw@deviantart.com,Female,13.129.98.84
1746,Reiko,Skillicorn,rskillicornhx@rambler.ru,Non-binary,152.53.66.160
1747,Elinore,Clemenzo,eclemenzohy@globo.com,Female,166.155.236.124
1748,Gwenni,Brameld,gbrameldhz@rediff.com,Female,72.76.42.61
1749,Tamarah,Wingatt,twingatti0@samsung.com,Female,255.52.6.194
1750,Theodoric,Devenport,tdevenporti1@canalblog.com,Male,180.144.198.138
1751,Beitris,Skelhorn,bskelhorni2@cnbc.com,Genderqueer,183.68.20.62
1752,Amandy,Spalton,aspaltoni3@examiner.com,Female,190.50.28.46
1753,Uri,Orr,uorri4@qq.com,Male,177.159.115.221
1754,Cordula,Campion,ccampioni5@hc360.com,Female,117.235.182.74
1755,Missie,Hammatt,mhammatti6@spiegel.de,Agender,146.171.218.116
1756,Jackelyn,Forshaw,jforshawi7@imageshack.us,Female,209.214.47.246
1757,Nicolas,Mannock,nmannocki8@mlb.com,Male,11.92.223.174
1758,Margette,Shorte,mshortei9@trellian.com,Polygender,125.154.136.68
1759,Fiona,MacKowle,fmackowleia@ucla.edu,Female,152.119.215.29
1760,Vinny,Broughton,vbroughtonib@devhub.com,Male,146.80.127.8
1761,Janna,Bresnahan,jbresnahanic@weather.com,Female,226.193.211.233
1762,Tiphanie,Ludmann,tludmannid@buzzfeed.com,Female,63.124.236.231
1763,Lorrie,Lestor,llestorie@apple.com,Male,240.33.184.100
1764,Bobbie,Jovis,bjovisif@java.com,Male,119.247.255.168
1765,Carce,Morville,cmorvilleig@tamu.edu,Genderfluid,5.3.198.25
1766,Corrie,Giotto,cgiottoih@photobucket.com,Male,91.45.144.148
1767,Paddy,Fforde,pffordeii@state.gov,Male,235.166.66.217
1768,Feodor,Applin,fapplinij@creativecommons.org,Polygender,8.36.38.194
1769,Marcellus,Mitten,mmittenik@hc360.com,Male,62.142.98.231
1770,Brannon,Wooler,bwooleril@taobao.com,Male,108.188.69.141
1771,Leo,McMillan,lmcmillanim@discuz.net,Male,204.32.47.197
1772,Alf,Maughan,amaughanin@woothemes.com,Male,222.251.200.178
1773,Waldemar,Donaldson,wdonaldsonio@e-recht24.de,Male,98.96.41.146
1774,Georgie,Ziemsen,gziemsenip@themeforest.net,Male,139.119.165.209
1775,Mariquilla,England,menglandiq@trellian.com,Female,120.234.153.233
1776,Nathanael,Petticrew,npetticrewir@uol.com.br,Male,20.150.145.228
1777,Zared,Millican,zmillicanis@oracle.com,Male,138.205.56.209
1778,Grant,Geffen,ggeffenit@zimbio.com,Male,46.151.251.222
1779,Denise,Anniwell,danniwelliu@nytimes.com,Female,74.220.8.229
1780,Tarah,Duffet,tduffetiv@utexas.edu,Female,67.75.115.49
1781,Yoko,Ida,yidaiw@addthis.com,Female,128.188.85.85
1782,Ralina,Stevenson,rstevensonix@weather.com,Polygender,48.241.223.163
1783,Cecil,Bertenshaw,cbertenshawiy@4shared.com,Male,212.56.170.12
1784,Pat,Molloy,pmolloyiz@e-recht24.de,Male,38.209.193.235
1785,Keven,Porcas,kporcasj0@instagram.com,Genderfluid,33.53.192.3
1786,Arnuad,Sneath,asneathj1@yelp.com,Male,7.61.172.194
1787,Alexina,Ingle,ainglej2@state.tx.us,Female,89.58.185.187
1788,Hilde,Pendreigh,hpendreighj3@cbc.ca,Female,216.52.118.240
1789,Jared,Van der Linde,jvanderlindej4@eventbrite.com,Male,231.62.176.248
1790,Annamaria,Toope,atoopej5@simplemachines.org,Female,168.46.95.89
1791,Vachel,Bugge,vbuggej6@instagram.com,Male,37.149.209.235
1792,Pryce,D'Cruze,pdcruzej7@tiny.cc,Male,92.28.37.33
1793,Trula,Symcoxe,tsymcoxej8@icio.us,Female,174.71.226.103
1794,Ned,Lillyman,nlillymanj9@1688.com,Male,126.200.237.122
1795,Karalynn,Kibel,kkibelja@yandex.ru,Female,76.243.33.14
1796,Muffin,Kinnane,mkinnanejb@zimbio.com,Male,238.233.249.55
1797,Fielding,Meffen,fmeffenjc@t.co,Male,77.114.207.253
1798,Caspar,Luffman,cluffmanjd@nsw.gov.au,Male,51.63.89.249
1799,Glenden,Showl,gshowlje@princeton.edu,Male,168.57.86.15
1800,Melita,McCrackan,mmccrackanjf@youtu.be,Female,158.169.3.139
1801,Dorice,Seares,dsearesjg@yale.edu,Female,63.191.170.247
1802,Abner,Unger,aungerjh@bizjournals.com,Male,1.252.193.104
1803,Tommie,Walthall,twalthallji@merriam-webster.com,Female,141.97.227.186
1804,Bary,Hamblyn,bhamblynjj@netscape.com,Genderqueer,214.150.25.165
1805,Mel,Filippucci,mfilippuccijk@yellowpages.com,Female,35.26.135.78
1806,Kati,Flacke,kflackejl@opera.com,Female,205.126.89.170
1807,Loren,Treneman,ltrenemanjm@harvard.edu,Genderfluid,6.0.15.73
1808,Idalia,Gusticke,igustickejn@reverbnation.com,Female,231.60.246.125
1809,Aube,Sunners,asunnersjo@sphinn.com,Non-binary,90.221.181.48
1810,Alastair,Altamirano,aaltamiranojp@tinyurl.com,Male,110.24.174.219
1811,Brantley,Massard,bmassardjq@goo.gl,Male,192.38.171.86
1812,Kettie,Benmore,kbenmorejr@merriam-webster.com,Female,91.205.133.97
1813,Ricky,Swafford,rswaffordjs@skype.com,Male,13.223.8.198
1814,Burg,Crosier,bcrosierjt@virginia.edu,Male,120.170.182.75
1815,Roana,Vales,rvalesju@artisteer.com,Female,72.106.69.197
1816,Griswold,McGing,gmcgingjv@canalblog.com,Male,62.176.0.170
1817,Kyrstin,Di Claudio,kdiclaudiojw@icio.us,Female,74.189.247.161
1818,Christoforo,Chestle,cchestlejx@hibu.com,Male,151.19.165.179
1819,Dieter,Cottee,dcotteejy@biblegateway.com,Male,146.10.110.48
1820,Nickolaus,Sarge,nsargejz@google.es,Male,247.254.16.82
1821,Ailey,Roath,aroathk0@kickstarter.com,Polygender,22.244.208.177
1822,Roderic,Kenan,rkenank1@dropbox.com,Genderqueer,31.116.234.146
1823,Jolyn,Roy,jroyk2@businesswire.com,Female,16.85.116.18
1824,Goran,Christophers,gchristophersk3@wikia.com,Bigender,197.221.25.82
1825,Farlee,Punyer,fpunyerk4@cargocollective.com,Male,152.49.102.45
1826,Cynthy,Stranks,cstranksk5@hao123.com,Female,7.69.239.68
1827,Clarance,Vautin,cvautink6@reference.com,Male,136.223.252.158
1828,Pepi,Burland,pburlandk7@upenn.edu,Female,174.245.36.46
1829,Wheeler,Harpur,wharpurk8@ox.ac.uk,Male,132.75.146.243
1830,Saundra,Cummins,scumminsk9@reference.com,Bigender,93.27.194.158
1831,Hazel,Gwillyam,hgwillyamka@virginia.edu,Male,245.232.16.149
1832,Corrie,Goose,cgoosekb@tuttocitta.it,Male,185.117.175.112
1833,Grange,Farrear,gfarrearkc@godaddy.com,Male,163.108.141.199
1834,Willamina,Westgarth,wwestgarthkd@wix.com,Female,195.144.75.110
1835,Galen,Musson,gmussonke@networksolutions.com,Male,57.207.159.161
1836,Irene,Hutcheon,ihutcheonkf@hp.com,Female,117.191.252.85
1837,Wilfrid,Skeldinge,wskeldingekg@macromedia.com,Male,140.88.3.0
1838,Rickie,Whittenbury,rwhittenburykh@histats.com,Male,114.134.130.211
1839,Wendell,Androlli,wandrolliki@businessweek.com,Male,147.157.188.52
1840,Aeriell,Oakey,aoakeykj@jalbum.net,Female,108.49.102.110
1841,Tanny,Eisak,teisakkk@seesaa.net,Male,252.110.238.37
1842,Barney,Rykert,brykertkl@squarespace.com,Male,6.250.223.198
1843,Filide,Kloss,fklosskm@altervista.org,Female,180.190.66.185
1844,Byrle,Debnam,bdebnamkn@creativecommons.org,Male,47.152.174.91
1845,Justin,Attawell,jattawellko@ask.com,Agender,199.172.144.55
1846,Thibaut,Eilhermann,teilhermannkp@t-online.de,Male,227.177.130.130
1847,Powell,Santello,psantellokq@google.ca,Male,68.232.107.141
1848,Querida,Blowen,qblowenkr@yahoo.co.jp,Polygender,85.235.247.152
1849,Talbert,Heisler,theislerks@pbs.org,Genderfluid,168.254.10.57
1850,Zared,Hubball,zhubballkt@webnode.com,Male,38.9.146.201
1851,Alyosha,Noades,anoadesku@issuu.com,Male,137.94.152.7
1852,Loren,Dominey,ldomineykv@mapquest.com,Male,33.139.12.210
1853,Alethea,Knightley,aknightleykw@fc2.com,Genderqueer,135.93.197.179
1854,Seka,Jerrom,sjerromkx@nhs.uk,Female,92.59.112.229
1855,Robers,Baly,rbalyky@com.com,Male,230.168.252.88
1856,Erna,Lillecrop,elillecropkz@google.nl,Female,186.179.175.185
1857,Zebulen,Yeend,zyeendl0@people.com.cn,Male,192.143.22.50
1858,Tan,Gillio,tgilliol1@europa.eu,Male,30.18.29.146
1859,Kathi,Gilffillan,kgilffillanl2@berkeley.edu,Female,212.26.227.217
1860,Dara,Andreou,dandreoul3@simplemachines.org,Female,202.0.20.197
1861,Allyce,Abbati,aabbatil4@bbc.co.uk,Female,255.125.89.135
1862,Juli,Kuschke,jkuschkel5@forbes.com,Non-binary,169.144.87.61
1863,Bartolomeo,Bristowe,bbristowel6@cyberchimps.com,Agender,153.1.108.173
1864,Charlotte,Halsho,chalshol7@ycombinator.com,Female,253.208.192.130
1865,Hermina,Soppit,hsoppitl8@uiuc.edu,Female,177.196.1.101
1866,Winifield,Liversage,wliversagel9@princeton.edu,Male,75.29.93.80
1867,Natasha,Hair,nhairla@go.com,Female,75.143.89.3
1868,Bellanca,Orridge,borridgelb@buzzfeed.com,Female,211.230.77.22
1869,Sutherland,Dearell,sdearelllc@home.pl,Male,238.18.69.221
1870,Hallsy,Sargint,hsargintld@histats.com,Male,64.196.162.139
1871,Marcelia,Rampley,mrampleyle@engadget.com,Female,39.173.123.219
1872,Isaac,Birtonshaw,ibirtonshawlf@mail.ru,Male,61.231.19.121
1873,Manfred,Dobing,mdobinglg@psu.edu,Male,39.70.250.157
1874,Wash,Choudhury,wchoudhurylh@eventbrite.com,Male,46.2.12.191
1875,Kettie,Portwaine,kportwaineli@oracle.com,Female,55.54.0.186
1876,Johnette,Ogborne,jogbornelj@over-blog.com,Female,30.226.241.24
1877,Cristi,Parmeter,cparmeterlk@netlog.com,Female,227.228.57.21
1878,Corina,Moppett,cmoppettll@opensource.org,Female,132.2.168.149
1879,Rozelle,Kidstone,rkidstonelm@wunderground.com,Female,11.16.32.62
1880,Maureen,Veivers,mveiversln@microsoft.com,Genderqueer,37.211.119.229
1881,Isidro,Plumbe,iplumbelo@wix.com,Male,219.57.245.32
1882,Ebba,Goodwill,egoodwilllp@technorati.com,Female,195.118.36.120
1883,Brina,Shenley,bshenleylq@sfgate.com,Female,75.129.147.15
1884,Axel,Statham,astathamlr@japanpost.jp,Male,167.216.198.173
1885,Maddie,Pleasants,mpleasantsls@wunderground.com,Female,165.165.181.232
1886,Vanna,Darby,vdarbylt@facebook.com,Female,3.130.234.116
1887,Gualterio,Werlock,gwerlocklu@symantec.com,Male,239.70.202.124
1888,Loy,Duffill,lduffilllv@patch.com,Male,108.142.200.154
1889,Diann,Livezey,dlivezeylw@360.cn,Female,67.194.83.193
1890,Marta,L'Episcopio,mlepiscopiolx@wunderground.com,Female,31.7.32.40
1891,Abramo,Binyon,abinyonly@mashable.com,Male,143.168.81.181
1892,Abigail,Wauchope,awauchopelz@marketwatch.com,Female,26.118.207.45
1893,Malanie,Godby,mgodbym0@xing.com,Female,59.54.43.34
1894,Lester,Bridgewater,lbridgewaterm1@ameblo.jp,Male,100.29.54.121
1895,Billy,Stannis,bstannism2@virginia.edu,Female,94.83.92.210
1896,Norbie,Clemes,nclemesm3@typepad.com,Male,192.217.146.135
1897,Farrel,Scay,fscaym4@4shared.com,Male,69.72.96.18
1898,Balduin,Donnison,bdonnisonm5@princeton.edu,Male,86.73.182.160
1899,Desmund,Theze,dthezem6@fc2.com,Male,59.222.15.2
1900,Juli,Bhar,jbharm7@cbsnews.com,Female,46.151.206.74
1901,Had,D'Onisi,hdonisim8@gravatar.com,Male,186.78.66.22
1902,Carlita,Olliar,colliarm9@artisteer.com,Bigender,106.184.42.78
1903,Reinwald,Keysall,rkeysallma@cyberchimps.com,Male,78.0.171.224
1904,Ira,Gwinn,igwinnmb@ebay.com,Female,56.152.208.167
1905,Wilden,Skelly,wskellymc@t.co,Agender,255.86.41.106
1906,Carlo,Tutchings,ctutchingsmd@ted.com,Male,152.73.229.127
1907,Felicity,Monshall,fmonshallme@moonfruit.com,Female,166.234.128.49
1908,Wildon,Myrick,wmyrickmf@dagondesign.com,Male,10.103.62.101
1909,Julina,Manuaud,jmanuaudmg@friendfeed.com,Female,139.124.136.136
1910,Jolyn,Scrogges,jscroggesmh@yolasite.com,Female,129.167.212.58
1911,Anatole,Clayhill,aclayhillmi@sciencedaily.com,Male,169.111.235.232
1912,Paddy,Simonel,psimonelmj@addtoany.com,Male,127.229.74.46
1913,Van,Wyllt,vwylltmk@elegantthemes.com,Female,153.56.109.250
1914,Michal,de Werk,mdewerkml@multiply.com,Male,186.241.252.169
1915,Petr,Payze,ppayzemm@ed.gov,Non-binary,125.149.186.143
1916,Reagen,Pickaver,rpickavermn@fotki.com,Male,246.134.219.55
1917,Darnall,Pockett,dpockettmo@discuz.net,Non-binary,157.173.206.37
1918,Farlay,Whitehurst,fwhitehurstmp@vinaora.com,Male,245.18.13.137
1919,Brynn,Buney,bbuneymq@barnesandnoble.com,Female,210.118.89.141
1920,Adoree,Thinn,athinnmr@a8.net,Female,197.72.239.17
1921,Glory,Trainor,gtrainorms@stanford.edu,Female,66.205.16.141
1922,Penny,Ginty,pgintymt@tmall.com,Male,194.94.167.116
1923,Abbye,Chicchelli,achicchellimu@jugem.jp,Female,88.179.251.28
1924,Jeanne,Fearnley,jfearnleymv@hatena.ne.jp,Non-binary,84.236.166.250
1925,Deonne,Maides,dmaidesmw@slideshare.net,Genderqueer,252.36.17.176
1926,Klarrisa,Simmans,ksimmansmx@arizona.edu,Female,103.141.163.110
1927,Harold,Burrells,hburrellsmy@hubpages.com,Male,99.194.49.148
1928,Guinevere,Tompkinson,gtompkinsonmz@ocn.ne.jp,Female,8.161.47.67
1929,Matt,Minshaw,mminshawn0@over-blog.com,Male,12.170.12.42
1930,Michaelina,Aldine,maldinen1@wunderground.com,Female,68.234.19.14
1931,Steve,Eaden,seadenn2@last.fm,Male,179.186.100.63
1932,Clari,Ezzell,cezzelln3@hubpages.com,Female,238.35.28.81
1933,Golda,Staff,gstaffn4@gizmodo.com,Female,123.140.42.223
1934,Aguie,Stapells,astapellsn5@altervista.org,Male,39.152.86.55
1935,Roarke,Rollo,rrollon6@home.pl,Male,122.191.48.90
1936,Bel,Gerretsen,bgerretsenn7@pbs.org,Female,66.248.183.177
1937,Jonathon,Osmond,josmondn8@loc.gov,Male,28.191.171.134
1938,Wyn,Mindenhall,wmindenhalln9@yahoo.com,Male,110.226.78.74
1939,Marlee,Sumpton,msumptonna@si.edu,Female,127.160.87.239
1940,Dionisio,Bennetto,dbennettonb@foxnews.com,Male,115.88.109.250
1941,Stanfield,Swenson,sswensonnc@squidoo.com,Male,32.31.16.15
1942,Kiel,MacDowall,kmacdowallnd@reference.com,Male,8.251.53.151
1943,Eimile,Caw,ecawne@nature.com,Female,3.52.77.223
1944,Kaia,Luxmoore,kluxmoorenf@marketwatch.com,Female,72.160.49.150
1945,Dermot,Coots,dcootsng@shareasale.com,Male,70.47.86.109
1946,Cirilo,Maccrie,cmaccrienh@ca.gov,Genderqueer,123.42.67.80
1947,Jessa,Dursley,jdursleyni@google.com.br,Female,7.206.18.154
1948,Debby,Helwig,dhelwignj@delicious.com,Female,78.116.16.112
1949,Ruby,Christaeas,rchristaeasnk@techcrunch.com,Polygender,61.62.133.231
1950,Brendon,Chatteris,bchatterisnl@twitpic.com,Male,4.69.50.68
1951,Meryl,Lghan,mlghannm@wiley.com,Male,162.165.219.245
1952,Tad,Gegay,tgegaynn@google.ru,Male,129.204.103.78
1953,Dawn,Wilkes,dwilkesno@blog.com,Female,97.5.124.65
1954,Isacco,Huffadine,ihuffadinenp@booking.com,Male,209.90.220.77
1955,Ingeberg,Skentelbery,iskentelberynq@privacy.gov.au,Genderfluid,245.99.24.188
1956,Doro,Harbidge,dharbidgenr@dailymail.co.uk,Female,230.243.83.140
1957,Carolus,Gillions,cgillionsns@jugem.jp,Male,4.230.194.186
1958,Torre,Temby,ttembynt@walmart.com,Male,10.115.195.139
1959,Domeniga,McAmish,dmcamishnu@theguardian.com,Female,17.217.79.25
1960,Brodie,Jarvis,bjarvisnv@ed.gov,Male,170.178.117.188
1961,Kassey,Wynes,kwynesnw@intel.com,Female,217.254.245.133
1962,Adolph,Andrzejak,aandrzejaknx@meetup.com,Male,88.67.55.126
1963,Genna,Bishopp,gbishoppny@amazon.co.uk,Female,108.196.224.160
1964,Jakie,Grindrod,jgrindrodnz@newyorker.com,Male,90.191.130.94
1965,Vinita,Annatt,vannatto0@xrea.com,Genderfluid,149.90.185.106
1966,Dare,Withur,dwithuro1@stanford.edu,Male,193.30.243.122
1967,Deina,Colomb,dcolombo2@prweb.com,Female,2.154.125.119
1968,Giusto,Irce,girceo3@ibm.com,Male,34.114.223.72
1969,Kimbra,Carnoghan,kcarnoghano4@wufoo.com,Female,219.77.105.114
1970,Shepperd,Meddick,smeddicko5@paginegialle.it,Non-binary,142.71.201.61
1971,Clement,Nowland,cnowlando6@microsoft.com,Male,213.185.47.224
1972,Retha,Scrooby,rscroobyo7@businesswire.com,Genderqueer,124.1.59.104
1973,Scotty,Frankling,sfranklingo8@youku.com,Male,49.190.103.121
1974,Quintus,Prince,qprinceo9@who.int,Male,223.78.120.57
1975,Baron,Swaby,bswabyoa@blog.com,Male,246.135.73.59
1976,Hadley,Caldayrou,hcaldayrouob@microsoft.com,Genderqueer,67.243.33.236
1977,Caz,Raise,craiseoc@google.co.jp,Male,207.228.144.212
1978,Phedra,Cubbini,pcubbiniod@alexa.com,Female,18.61.173.167
1979,Gabey,Pegg,gpeggoe@netvibes.com,Female,124.90.205.15
1980,Byran,Dumbrill,bdumbrillof@apple.com,Male,147.39.140.205
1981,Jared,Pepperrall,jpepperrallog@mac.com,Male,49.214.230.227
1982,Sada,Flattman,sflattmanoh@jigsy.com,Bigender,135.186.79.71
1983,Kippy,Swindon,kswindonoi@cisco.com,Male,158.0.164.228
1984,Trevor,Wabersinke,twabersinkeoj@europa.eu,Male,142.187.39.96
1985,Erasmus,Cotherill,ecotherillok@unicef.org,Male,175.123.82.75
1986,Paulita,Blewett,pblewettol@istockphoto.com,Female,74.178.99.35
1987,Markus,Cocklie,mcocklieom@icio.us,Male,177.243.210.105
1988,Alphonse,Setterthwait,asetterthwaiton@shareasale.com,Male,91.218.127.22
1989,Suki,Edworthie,sedworthieoo@sun.com,Female,185.119.105.158
1990,Barnabe,Ceaser,bceaserop@arizona.edu,Male,14.43.219.123
1991,Silvain,Taberer,stabereroq@typepad.com,Male,82.35.101.250
1992,Jonell,Rogeron,jrogeronor@un.org,Female,15.191.196.9
1993,Ruby,Pearce,rpearceos@nature.com,Female,148.27.61.245
1994,Delbert,Layborn,dlaybornot@vimeo.com,Male,210.206.129.18
1995,Ambrose,Divall,adivallou@rediff.com,Bigender,56.140.246.159
1996,Danyelle,Bushrod,dbushrodov@nih.gov,Female,6.215.11.42
1997,Gardy,Summerskill,gsummerskillow@xrea.com,Male,58.187.53.154
1998,Kristin,Wixey,kwixeyox@fastcompany.com,Genderfluid,163.148.93.157
1999,Benedick,Norker,bnorkeroy@shutterfly.com,Male,210.176.73.146
2000,Nancey,Lowle,nlowleoz@godaddy.com,Female,143.11.9.204
2001,Cinderella,Rubbens,crubbensp0@discovery.com,Female,251.251.63.170
2002,Pamela,Acheson,pachesonp1@vimeo.com,Female,113.32.101.128
2003,Kaylyn,Dowzell,kdowzellp2@quantcast.com,Female,242.244.243.212
2004,Mackenzie,Caig,mcaigp3@chronoengine.com,Male,61.185.102.175
2005,Nikolaos,Sturgess,nsturgessp4@netlog.com,Male,123.77.115.21
2006,Zaccaria,Irvin,zirvinp5@printfriendly.com,Male,17.32.22.168
2007,Hayward,Tomasi,htomasip6@aol.com,Male,88.51.238.225
2008,Jacky,Gething,jgethingp7@sciencedirect.com,Male,6.149.220.235
2009,Caddric,Stickel,cstickelp8@nytimes.com,Male,100.196.181.147
2010,Joceline,Skylett,jskylettp9@networksolutions.com,Female,132.59.253.146
2011,Lotty,Simonelli,lsimonellipa@dot.gov,Agender,239.104.19.118
2012,Jessee,Jirasek,jjirasekpb@bluehost.com,Male,211.165.224.221
2013,Betsey,Mollatt,bmollattpc@merriam-webster.com,Female,210.35.105.26
2014,Valentino,Fittes,vfittespd@naver.com,Male,35.71.9.165
2015,Mignon,Giraudy,mgiraudype@gmpg.org,Female,144.117.107.237
2016,Leigha,Dooher,ldooherpf@exblog.jp,Bigender,4.220.220.170
2017,Orsola,Nevison,onevisonpg@freewebs.com,Female,185.109.85.176
2018,Rhody,Deek,rdeekph@reverbnation.com,Female,134.222.47.236
2019,Romola,Burrill,rburrillpi@dion.ne.jp,Female,83.152.0.133
2020,Tedie,Benettini,tbenettinipj@gizmodo.com,Male,146.80.48.178
2021,Coleen,Klosser,cklosserpk@usnews.com,Female,226.39.181.34
2022,Joseph,Whitehouse,jwhitehousepl@mapquest.com,Male,171.46.59.20
2023,Sandye,Churms,schurmspm@tinypic.com,Female,179.223.184.198
2024,Imelda,Cornelius,icorneliuspn@edublogs.org,Female,60.66.182.122
2025,Kizzie,D'Arrigo,kdarrigopo@dion.ne.jp,Female,184.85.158.119
2026,Torrie,Izaac,tizaacpp@barnesandnoble.com,Female,180.153.233.170
2027,Kylila,Leyfield,kleyfieldpq@blogspot.com,Female,204.96.86.192
2028,Stormie,Batchley,sbatchleypr@hibu.com,Female,83.70.110.155
2029,Gypsy,Yong,gyongps@simplemachines.org,Female,75.34.54.182
2030,Gail,Hawick,ghawickpt@howstuffworks.com,Male,213.16.248.156
2031,Tiffi,Kornacki,tkornackipu@nymag.com,Female,9.10.2.48
2032,Melamie,Druitt,mdruittpv@census.gov,Female,249.8.193.162
2033,Collette,Zanuciolii,czanucioliipw@ning.com,Female,136.86.64.183
2034,Donny,Wilstead,dwilsteadpx@wp.com,Female,44.105.9.171
2035,Cristin,Minger,cmingerpy@ebay.co.uk,Female,113.136.130.24
2036,Mercedes,Faughnan,mfaughnanpz@cdc.gov,Female,143.240.253.159
2037,Cirillo,Lambertazzi,clambertazziq0@instagram.com,Male,197.185.162.222
2038,Say,Beszant,sbeszantq1@feedburner.com,Male,119.45.205.77
2039,Hillery,Meates,hmeatesq2@nbcnews.com,Non-binary,68.164.204.122
2040,Germain,Sarfati,gsarfatiq3@timesonline.co.uk,Female,244.251.135.223
2041,Babette,Petrashov,bpetrashovq4@myspace.com,Female,51.73.89.32
2042,Olivie,Jollie,ojollieq5@google.ru,Female,216.102.146.194
2043,Marlane,Leglise,mlegliseq6@reuters.com,Female,174.253.98.199
2044,Jorge,Fain,jfainq7@scientificamerican.com,Male,175.101.92.99
2045,Jada,Duckett,jduckettq8@phpbb.com,Female,113.101.141.55
2046,Benedikt,Whitlock,bwhitlockq9@home.pl,Male,233.235.83.142
2047,Arman,Adamsson,aadamssonqa@webs.com,Male,36.39.233.135
2048,Gabriella,Keer,gkeerqb@1und1.de,Female,177.12.51.139
2049,Olivier,Frickey,ofrickeyqc@phoca.cz,Male,76.11.167.129
2050,Lanny,Frodsam,lfrodsamqd@webeden.co.uk,Bigender,250.110.154.26
2051,Ebba,Doudney,edoudneyqe@networkadvertising.org,Female,2.48.29.207
2052,Buddie,McCooke,bmccookeqf@twitpic.com,Male,137.124.171.78
2053,Reggy,Dumingos,rdumingosqg@slate.com,Male,228.37.51.26
2054,Arabelle,Cashmore,acashmoreqh@vkontakte.ru,Female,193.156.210.185
2055,Elnora,Forst,eforstqi@typepad.com,Female,238.3.34.122
2056,Crawford,Earles,cearlesqj@cdc.gov,Male,112.124.27.252
2057,Cobbie,Vedyaev,cvedyaevqk@latimes.com,Male,175.178.13.65
2058,Fidole,Bunton,fbuntonql@wix.com,Male,158.105.88.189
2059,Umberto,Dee,udeeqm@dot.gov,Male,225.243.197.201
2060,Vasily,Marzelle,vmarzelleqn@jimdo.com,Genderfluid,104.204.233.244
2061,Celeste,Ellaway,cellawayqo@tamu.edu,Female,202.145.19.180
2062,Vida,Scalera,vscaleraqp@jalbum.net,Female,216.228.160.88
2063,Clementius,Blackhall,cblackhallqq@sakura.ne.jp,Bigender,56.125.167.223
2064,Weston,Basire,wbasireqr@mozilla.com,Male,173.78.56.199
2065,Leelah,Weaben,lweabenqs@youtu.be,Female,125.212.86.173
2066,Flemming,Fowlestone,ffowlestoneqt@nifty.com,Male,87.204.248.144
2067,Goldina,Widdup,gwiddupqu@spiegel.de,Female,10.241.253.176
2068,Glyn,Meader,gmeaderqv@buzzfeed.com,Male,234.201.192.223
2069,Pearline,Harwood,pharwoodqw@accuweather.com,Genderfluid,83.80.90.248
2070,Calhoun,Laing,claingqx@wisc.edu,Male,194.88.5.110
2071,Fabe,Shilito,fshilitoqy@newsvine.com,Male,68.208.168.176
2072,Abbey,Echelle,aechelleqz@webmd.com,Male,19.69.119.142
2073,Clem,Amor,camorr0@privacy.gov.au,Female,21.251.127.51
2074,Nigel,Faudrie,nfaudrier1@ox.ac.uk,Male,136.148.3.88
2075,Inez,Aumerle,iaumerler2@geocities.jp,Female,24.129.158.32
2076,Hersh,Ottawell,hottawellr3@si.edu,Male,5.147.204.86
2077,Susanetta,Kendal,skendalr4@ibm.com,Female,95.99.145.5
2078,Judi,Pedrazzi,jpedrazzir5@cisco.com,Female,181.244.58.251
2079,Tab,Perren,tperrenr6@chronoengine.com,Male,82.140.99.225
2080,Bryn,Sudran,bsudranr7@xrea.com,Genderqueer,178.24.69.57
2081,Quinn,Linnard,qlinnardr8@nydailynews.com,Male,60.240.109.146
2082,Ellene,Sitford,esitfordr9@godaddy.com,Female,216.94.223.89
2083,Deanne,Loch,dlochra@yandex.ru,Female,180.104.164.64
2084,Gaspar,Tine,gtinerb@jimdo.com,Male,136.11.201.245
2085,Cam,Montilla,cmontillarc@irs.gov,Male,166.22.102.22
2086,Trina,Adamoli,tadamolird@themeforest.net,Female,190.150.74.75
2087,Malia,Oade,moadere@admin.ch,Female,178.236.35.211
2088,Rolph,Bearham,rbearhamrf@mapquest.com,Male,115.78.223.73
2089,Elberta,Fereday,eferedayrg@yandex.ru,Genderqueer,73.206.170.245
2090,Allis,O'Loughane,aoloughanerh@cnbc.com,Agender,188.15.160.190
2091,Gordon,Deary,gdearyri@epa.gov,Male,104.2.108.188
2092,Cully,Dickenson,cdickensonrj@php.net,Male,58.184.51.108
2093,Herold,Twort,htwortrk@facebook.com,Male,146.222.190.227
2094,Vittoria,Helsby,vhelsbyrl@tmall.com,Female,116.232.247.114
2095,Gael,Tugman,gtugmanrm@eepurl.com,Genderqueer,221.220.163.241
2096,Sheeree,Ciciari,sciciarirn@baidu.com,Female,242.200.238.59
2097,Katya,Lineham,klinehamro@blogger.com,Female,71.7.223.169
2098,Harrie,Rackam,hrackamrp@angelfire.com,Female,169.114.93.125
2099,Durant,Kalewe,dkalewerq@slideshare.net,Male,151.66.252.98
2100,Kennan,Boyd,kboydrr@cocolog-nifty.com,Male,188.107.153.173
